<?xml version="1.0" encoding="ISO-8859-1"?>
<Vehicle menyoo_ver="0.999873b">
	<ModelHash>0x49863e9c</ModelHash>
	<InitialHandle>633860</InitialHandle>
	<VehicleProperties>
		<Colours>
			<Primary>40</Primary>
			<Secondary>40</Secondary>
			<Pearl>0</Pearl>
			<Rim>156</Rim>
			<Mod1_a>6</Mod1_a>
			<Mod1_b>-1</Mod1_b>
			<Mod1_c>-1</Mod1_c>
			<Mod2_a>6</Mod2_a>
			<Mod2_b>-1</Mod2_b>
			<IsPrimaryColourCustom>false</IsPrimaryColourCustom>
			<IsSecondaryColourCustom>false</IsSecondaryColourCustom>
			<tyreSmoke_R>255</tyreSmoke_R>
			<tyreSmoke_G>255</tyreSmoke_G>
			<tyreSmoke_B>255</tyreSmoke_B>
			<LrInterior>0</LrInterior>
			<LrDashboard>0</LrDashboard>
		</Colours>
		<Livery>0</Livery>
		<NumberPlateText>43EJY779</NumberPlateText>
		<NumberPlateIndex>0</NumberPlateIndex>
		<WheelType>3</WheelType>
		<WheelsInvisible>false</WheelsInvisible>
		<EngineSoundName></EngineSoundName>
		<WindowTint>-1</WindowTint>
		<BulletProofTyres>true</BulletProofTyres>
		<DirtLevel>0.439105719</DirtLevel>
		<PaintFade>0.298039228</PaintFade>
		<RoofState>0</RoofState>
		<SirenActive>false</SirenActive>
		<EngineOn>true</EngineOn>
		<EngineHealth>1000</EngineHealth>
		<LightsOn>false</LightsOn>
		<IsRadioLoud>0</IsRadioLoud>
		<Neons>
			<Left>false</Left>
			<Right>false</Right>
			<Front>false</Front>
			<Back>false</Back>
			<R>255</R>
			<G>0</G>
			<B>255</B>
		</Neons>
		<ModExtras>
			<_1>false</_1>
			<_2>false</_2>
			<_3>false</_3>
		</ModExtras>
		<Mods>
			<_0>-1,0</_0>
			<_1>-1,0</_1>
			<_2>-1,0</_2>
			<_3>-1,0</_3>
			<_4>-1,0</_4>
			<_5>-1,0</_5>
			<_6>-1,0</_6>
			<_7>-1,0</_7>
			<_8>-1,0</_8>
			<_9>-1,0</_9>
			<_10>-1,0</_10>
			<_11>-1,0</_11>
			<_12>-1,0</_12>
			<_13>-1,0</_13>
			<_14>-1,0</_14>
			<_15>-1,0</_15>
			<_16>-1,0</_16>
			<_17>false</_17>
			<_18>false</_18>
			<_19>false</_19>
			<_20>false</_20>
			<_21>false</_21>
			<_22>false</_22>
			<_23>-1,0</_23>
			<_24>-1,0</_24>
			<_25>-1,0</_25>
			<_26>-1,0</_26>
			<_27>-1,0</_27>
			<_28>-1,0</_28>
			<_29>-1,0</_29>
			<_30>-1,0</_30>
			<_31>-1,0</_31>
			<_32>-1,0</_32>
			<_33>-1,0</_33>
			<_34>-1,0</_34>
			<_35>-1,0</_35>
			<_36>-1,0</_36>
			<_37>-1,0</_37>
			<_38>-1,0</_38>
			<_39>-1,0</_39>
			<_40>-1,0</_40>
			<_41>-1,0</_41>
			<_42>-1,0</_42>
			<_43>-1,0</_43>
			<_44>-1,0</_44>
			<_45>-1,0</_45>
			<_46>-1,0</_46>
			<_47>-1,0</_47>
			<_48>-1,0</_48>
		</Mods>
		<DoorsOpen>
			<BackLeftDoor>false</BackLeftDoor>
			<BackRightDoor>false</BackRightDoor>
			<FrontLeftDoor>false</FrontLeftDoor>
			<FrontRightDoor>false</FrontRightDoor>
			<Hood>false</Hood>
			<Trunk>false</Trunk>
			<Trunk2>false</Trunk2>
		</DoorsOpen>
		<DoorsBroken>
			<BackLeftDoor>false</BackLeftDoor>
			<BackRightDoor>false</BackRightDoor>
			<FrontLeftDoor>true</FrontLeftDoor>
			<FrontRightDoor>true</FrontRightDoor>
			<Hood>true</Hood>
			<Trunk>false</Trunk>
			<Trunk2>false</Trunk2>
		</DoorsBroken>
		<TyresBursted>
			<FrontLeft>false</FrontLeft>
			<FrontRight>false</FrontRight>
			<_2>false</_2>
			<_3>false</_3>
			<BackLeft>false</BackLeft>
			<BackRight>false</BackRight>
			<_6>false</_6>
			<_7>false</_7>
			<_8>false</_8>
		</TyresBursted>
		<RpmMultiplier>1</RpmMultiplier>
		<TorqueMultiplier>1</TorqueMultiplier>
		<HeadlightIntensity>1</HeadlightIntensity>
	</VehicleProperties>
	<OpacityLevel>255</OpacityLevel>
	<LodDistance>16960</LodDistance>
	<IsVisible>true</IsVisible>
	<IsDriverVisible>true</IsDriverVisible>
	<MaxHealth>1000</MaxHealth>
	<Health>1000</Health>
	<HasGravity>true</HasGravity>
	<IsOnFire>false</IsOnFire>
	<IsInvincible>true</IsInvincible>
	<IsBulletProof>false</IsBulletProof>
	<IsExplosionProof>true</IsExplosionProof>
	<IsFireProof>true</IsFireProof>
	<IsMeleeProof>true</IsMeleeProof>
	<IsOnlyDamagedByPlayer>false</IsOnlyDamagedByPlayer>
	<SpoonerAttachments SetAttachmentsPersistentAndAddToSpoonerDatabase="true" StartTaskSequencesOnLoad="true">
		<Attachment>
			<ModelHash>0x33c9e158</ModelHash>
			<Type>2</Type>
			<Dynamic>false</Dynamic>
			<FrozenPos>false</FrozenPos>
			<HashName>Pociąg towarowy</HashName>
			<InitialHandle>503811</InitialHandle>
			<VehicleProperties>
				<Colours>
					<Primary>111</Primary>
					<Secondary>111</Secondary>
					<Pearl>111</Pearl>
					<Rim>156</Rim>
					<Mod1_a>0</Mod1_a>
					<Mod1_b>0</Mod1_b>
					<Mod1_c>0</Mod1_c>
					<Mod2_a>-1</Mod2_a>
					<Mod2_b>-1</Mod2_b>
					<IsPrimaryColourCustom>false</IsPrimaryColourCustom>
					<IsSecondaryColourCustom>false</IsSecondaryColourCustom>
					<tyreSmoke_R>255</tyreSmoke_R>
					<tyreSmoke_G>255</tyreSmoke_G>
					<tyreSmoke_B>255</tyreSmoke_B>
					<LrInterior>0</LrInterior>
					<LrDashboard>0</LrDashboard>
				</Colours>
				<Livery>-1</Livery>
				<NumberPlateText>04EOH542</NumberPlateText>
				<NumberPlateIndex>0</NumberPlateIndex>
				<WheelType>0</WheelType>
				<WheelsInvisible>false</WheelsInvisible>
				<EngineSoundName></EngineSoundName>
				<WindowTint>-1</WindowTint>
				<BulletProofTyres>false</BulletProofTyres>
				<DirtLevel>0</DirtLevel>
				<PaintFade>0.298039228</PaintFade>
				<RoofState>0</RoofState>
				<SirenActive>false</SirenActive>
				<EngineOn>false</EngineOn>
				<EngineHealth>1000</EngineHealth>
				<LightsOn>false</LightsOn>
				<IsRadioLoud>0</IsRadioLoud>
				<Neons>
					<Left>true</Left>
					<Right>true</Right>
					<Front>true</Front>
					<Back>true</Back>
					<R>255</R>
					<G>1</G>
					<B>1</B>
				</Neons>
				<DoorsOpen>
					<BackLeftDoor>false</BackLeftDoor>
					<BackRightDoor>false</BackRightDoor>
					<FrontLeftDoor>false</FrontLeftDoor>
					<FrontRightDoor>false</FrontRightDoor>
					<Hood>false</Hood>
					<Trunk>false</Trunk>
					<Trunk2>false</Trunk2>
				</DoorsOpen>
				<DoorsBroken>
					<BackLeftDoor>false</BackLeftDoor>
					<BackRightDoor>false</BackRightDoor>
					<FrontLeftDoor>false</FrontLeftDoor>
					<FrontRightDoor>false</FrontRightDoor>
					<Hood>false</Hood>
					<Trunk>false</Trunk>
					<Trunk2>false</Trunk2>
				</DoorsBroken>
				<TyresBursted>
					<FrontLeft>false</FrontLeft>
					<FrontRight>false</FrontRight>
					<_2>false</_2>
					<_3>false</_3>
					<BackLeft>false</BackLeft>
					<BackRight>false</BackRight>
					<_6>false</_6>
					<_7>false</_7>
					<_8>false</_8>
				</TyresBursted>
				<RpmMultiplier>1</RpmMultiplier>
				<TorqueMultiplier>1</TorqueMultiplier>
				<HeadlightIntensity>1</HeadlightIntensity>
				<ModExtras>
					<_1>true</_1>
					<_2>true</_2>
					<_3>true</_3>
				</ModExtras>
				<Mods>
					<_0>-1,0</_0>
					<_1>-1,0</_1>
					<_2>-1,0</_2>
					<_3>-1,0</_3>
					<_4>-1,0</_4>
					<_5>-1,0</_5>
					<_6>-1,0</_6>
					<_7>-1,0</_7>
					<_8>-1,0</_8>
					<_9>-1,0</_9>
					<_10>-1,0</_10>
					<_11>-1,0</_11>
					<_12>-1,0</_12>
					<_13>-1,0</_13>
					<_14>-1,0</_14>
					<_15>-1,0</_15>
					<_16>-1,0</_16>
					<_17>false</_17>
					<_18>false</_18>
					<_19>false</_19>
					<_20>false</_20>
					<_21>false</_21>
					<_22>true</_22>
					<_23>-1,0</_23>
					<_24>-1,0</_24>
					<_25>-1,0</_25>
					<_26>-1,0</_26>
					<_27>-1,0</_27>
					<_28>-1,0</_28>
					<_29>-1,0</_29>
					<_30>-1,0</_30>
					<_31>-1,0</_31>
					<_32>-1,0</_32>
					<_33>-1,0</_33>
					<_34>-1,0</_34>
					<_35>-1,0</_35>
					<_36>-1,0</_36>
					<_37>-1,0</_37>
					<_38>-1,0</_38>
					<_39>-1,0</_39>
					<_40>-1,0</_40>
					<_41>-1,0</_41>
					<_42>-1,0</_42>
					<_43>-1,0</_43>
					<_44>-1,0</_44>
					<_45>-1,0</_45>
					<_46>-1,0</_46>
					<_47>-1,0</_47>
					<_48>-1,0</_48>
				</Mods>
			</VehicleProperties>
			<OpacityLevel>255</OpacityLevel>
			<LodDistance>16960</LodDistance>
			<IsVisible>true</IsVisible>
			<MaxHealth>1000</MaxHealth>
			<Health>859</Health>
			<HasGravity>true</HasGravity>
			<IsOnFire>false</IsOnFire>
			<IsInvincible>true</IsInvincible>
			<IsBulletProof>false</IsBulletProof>
			<IsCollisionProof>true</IsCollisionProof>
			<IsExplosionProof>true</IsExplosionProof>
			<IsFireProof>true</IsFireProof>
			<IsMeleeProof>true</IsMeleeProof>
			<IsOnlyDamagedByPlayer>false</IsOnlyDamagedByPlayer>
			<PositionRotation>
				<X>-575.20697</X>
				<Y>5262.73145</Y>
				<Z>70.8010559</Z>
				<Pitch>0.0251400881</Pitch>
				<Roll>0.0868627504</Roll>
				<Yaw>-169.956421</Yaw>
			</PositionRotation>
			<Attachment isAttached="true">
				<AttachedTo>633860</AttachedTo>
				<BoneIndex>0</BoneIndex>
				<X>0</X>
				<Y>0</Y>
				<Z>0.230000034</Z>
				<Pitch>0</Pitch>
				<Roll>0</Roll>
				<Yaw>0</Yaw>
			</Attachment>
		</Attachment>
		<Attachment>
			<ModelHash>0xc079b265</ModelHash>
			<Type>3</Type>
			<Dynamic>false</Dynamic>
			<FrozenPos>false</FrozenPos>
			<HashName>prop_beach_fire</HashName>
			<InitialHandle>495875</InitialHandle>
			<ObjectProperties>
				<TextureVariation>0</TextureVariation>
			</ObjectProperties>
			<OpacityLevel>255</OpacityLevel>
			<LodDistance>16960</LodDistance>
			<IsVisible>true</IsVisible>
			<MaxHealth>1000</MaxHealth>
			<Health>0</Health>
			<HasGravity>true</HasGravity>
			<IsOnFire>true</IsOnFire>
			<IsInvincible>false</IsInvincible>
			<IsBulletProof>false</IsBulletProof>
			<IsCollisionProof>false</IsCollisionProof>
			<IsExplosionProof>false</IsExplosionProof>
			<IsFireProof>false</IsFireProof>
			<IsMeleeProof>false</IsMeleeProof>
			<IsOnlyDamagedByPlayer>false</IsOnlyDamagedByPlayer>
			<PositionRotation>
				<X>-577.092712</X>
				<Y>5267.37646</Y>
				<Z>71.4125748</Z>
				<Pitch>0.472162962</Pitch>
				<Roll>0.699547589</Roll>
				<Yaw>-177.920578</Yaw>
			</PositionRotation>
			<Attachment isAttached="true">
				<AttachedTo>503811</AttachedTo>
				<BoneIndex>0</BoneIndex>
				<X>1.04580545</X>
				<Y>-4.90266752</Y>
				<Z>0.615255594</Z>
				<Pitch>0.459299892</Pitch>
				<Roll>0.610036492</Roll>
				<Yaw>-7.9634552</Yaw>
			</Attachment>
		</Attachment>
		<Attachment>
			<ModelHash>0xc079b265</ModelHash>
			<Type>3</Type>
			<Dynamic>false</Dynamic>
			<FrozenPos>false</FrozenPos>
			<HashName>prop_beach_fire</HashName>
			<InitialHandle>497667</InitialHandle>
			<ObjectProperties>
				<TextureVariation>0</TextureVariation>
			</ObjectProperties>
			<OpacityLevel>255</OpacityLevel>
			<LodDistance>16960</LodDistance>
			<IsVisible>true</IsVisible>
			<MaxHealth>1000</MaxHealth>
			<Health>0</Health>
			<HasGravity>true</HasGravity>
			<IsOnFire>true</IsOnFire>
			<IsInvincible>false</IsInvincible>
			<IsBulletProof>false</IsBulletProof>
			<IsCollisionProof>false</IsCollisionProof>
			<IsExplosionProof>false</IsExplosionProof>
			<IsFireProof>false</IsFireProof>
			<IsMeleeProof>false</IsMeleeProof>
			<IsOnlyDamagedByPlayer>false</IsOnlyDamagedByPlayer>
			<PositionRotation>
				<X>-575.062744</X>
				<Y>5267.66797</Y>
				<Z>71.4598007</Z>
				<Pitch>0.472162962</Pitch>
				<Roll>0.699547589</Roll>
				<Yaw>-177.920578</Yaw>
			</PositionRotation>
			<Attachment isAttached="true">
				<AttachedTo>503811</AttachedTo>
				<BoneIndex>0</BoneIndex>
				<X>-1.00395966</X>
				<Y>-4.83545399</Y>
				<Z>0.659343958</Z>
				<Pitch>0.459299892</Pitch>
				<Roll>0.610036492</Roll>
				<Yaw>-7.9634552</Yaw>
			</Attachment>
		</Attachment>
		<Attachment>
			<ModelHash>0xc079b265</ModelHash>
			<Type>3</Type>
			<Dynamic>false</Dynamic>
			<FrozenPos>false</FrozenPos>
			<HashName>prop_beach_fire</HashName>
			<InitialHandle>498179</InitialHandle>
			<ObjectProperties>
				<TextureVariation>0</TextureVariation>
			</ObjectProperties>
			<OpacityLevel>255</OpacityLevel>
			<LodDistance>16960</LodDistance>
			<IsVisible>true</IsVisible>
			<MaxHealth>1000</MaxHealth>
			<Health>0</Health>
			<HasGravity>true</HasGravity>
			<IsOnFire>true</IsOnFire>
			<IsInvincible>false</IsInvincible>
			<IsBulletProof>false</IsBulletProof>
			<IsCollisionProof>false</IsCollisionProof>
			<IsExplosionProof>false</IsExplosionProof>
			<IsFireProof>false</IsFireProof>
			<IsMeleeProof>false</IsMeleeProof>
			<IsOnlyDamagedByPlayer>false</IsOnlyDamagedByPlayer>
			<PositionRotation>
				<X>-575.031006</X>
				<Y>5267.63232</Y>
				<Z>71.8691483</Z>
				<Pitch>0.472162962</Pitch>
				<Roll>0.699547589</Roll>
				<Yaw>-177.920578</Yaw>
			</PositionRotation>
			<Attachment isAttached="true">
				<AttachedTo>503811</AttachedTo>
				<BoneIndex>0</BoneIndex>
				<X>-1.02958107</X>
				<Y>-4.79451275</Y>
				<Z>1.06863606</Z>
				<Pitch>0.459299892</Pitch>
				<Roll>0.610036492</Roll>
				<Yaw>-7.9634552</Yaw>
			</Attachment>
		</Attachment>
		<Attachment>
			<ModelHash>0xc079b265</ModelHash>
			<Type>3</Type>
			<Dynamic>false</Dynamic>
			<FrozenPos>false</FrozenPos>
			<HashName>prop_beach_fire</HashName>
			<InitialHandle>484867</InitialHandle>
			<ObjectProperties>
				<TextureVariation>0</TextureVariation>
			</ObjectProperties>
			<OpacityLevel>255</OpacityLevel>
			<LodDistance>16960</LodDistance>
			<IsVisible>true</IsVisible>
			<MaxHealth>1000</MaxHealth>
			<Health>0</Health>
			<HasGravity>true</HasGravity>
			<IsOnFire>true</IsOnFire>
			<IsInvincible>false</IsInvincible>
			<IsBulletProof>false</IsBulletProof>
			<IsCollisionProof>false</IsCollisionProof>
			<IsExplosionProof>false</IsExplosionProof>
			<IsFireProof>false</IsFireProof>
			<IsMeleeProof>false</IsMeleeProof>
			<IsOnlyDamagedByPlayer>false</IsOnlyDamagedByPlayer>
			<PositionRotation>
				<X>-577.06543</X>
				<Y>5267.32959</Y>
				<Z>71.9692535</Z>
				<Pitch>0.472162962</Pitch>
				<Roll>0.699547589</Roll>
				<Yaw>-177.920578</Yaw>
			</PositionRotation>
			<Attachment isAttached="true">
				<AttachedTo>503811</AttachedTo>
				<BoneIndex>0</BoneIndex>
				<X>1.02627885</X>
				<Y>-4.85135317</Y>
				<Z>1.17188215</Z>
				<Pitch>0.459299892</Pitch>
				<Roll>0.610036492</Roll>
				<Yaw>-7.9634552</Yaw>
			</Attachment>
		</Attachment>
		<Attachment>
			<ModelHash>0xc079b265</ModelHash>
			<Type>3</Type>
			<Dynamic>false</Dynamic>
			<FrozenPos>false</FrozenPos>
			<HashName>prop_beach_fire</HashName>
			<InitialHandle>512771</InitialHandle>
			<ObjectProperties>
				<TextureVariation>0</TextureVariation>
			</ObjectProperties>
			<OpacityLevel>255</OpacityLevel>
			<LodDistance>16960</LodDistance>
			<IsVisible>true</IsVisible>
			<MaxHealth>1000</MaxHealth>
			<Health>0</Health>
			<HasGravity>true</HasGravity>
			<IsOnFire>true</IsOnFire>
			<IsInvincible>false</IsInvincible>
			<IsBulletProof>false</IsBulletProof>
			<IsCollisionProof>false</IsCollisionProof>
			<IsExplosionProof>false</IsExplosionProof>
			<IsFireProof>false</IsFireProof>
			<IsMeleeProof>false</IsMeleeProof>
			<IsOnlyDamagedByPlayer>false</IsOnlyDamagedByPlayer>
			<PositionRotation>
				<X>-575.001831</X>
				<Y>5267.73096</Y>
				<Z>72.443573</Z>
				<Pitch>0.478682995</Pitch>
				<Roll>0.698365211</Roll>
				<Yaw>-173.721115</Yaw>
			</PositionRotation>
			<Attachment isAttached="true">
				<AttachedTo>503811</AttachedTo>
				<BoneIndex>0</BoneIndex>
				<X>-1.07636905</X>
				<Y>-4.88642979</Y>
				<Z>1.64303517</Z>
				<Pitch>0.459299892</Pitch>
				<Roll>0.610036492</Roll>
				<Yaw>-3.76399231</Yaw>
			</Attachment>
		</Attachment>
		<Attachment>
			<ModelHash>0xc079b265</ModelHash>
			<Type>3</Type>
			<Dynamic>false</Dynamic>
			<FrozenPos>false</FrozenPos>
			<HashName>prop_beach_fire</HashName>
			<InitialHandle>512515</InitialHandle>
			<ObjectProperties>
				<TextureVariation>0</TextureVariation>
			</ObjectProperties>
			<OpacityLevel>255</OpacityLevel>
			<LodDistance>16960</LodDistance>
			<IsVisible>true</IsVisible>
			<MaxHealth>1000</MaxHealth>
			<Health>0</Health>
			<HasGravity>true</HasGravity>
			<IsOnFire>true</IsOnFire>
			<IsInvincible>false</IsInvincible>
			<IsBulletProof>false</IsBulletProof>
			<IsCollisionProof>false</IsCollisionProof>
			<IsExplosionProof>false</IsExplosionProof>
			<IsFireProof>false</IsFireProof>
			<IsMeleeProof>false</IsMeleeProof>
			<IsOnlyDamagedByPlayer>false</IsOnlyDamagedByPlayer>
			<PositionRotation>
				<X>-577.089905</X>
				<Y>5267.54102</Y>
				<Z>72.5932846</Z>
				<Pitch>0.478682995</Pitch>
				<Roll>0.698365211</Roll>
				<Yaw>-173.72113</Yaw>
			</PositionRotation>
			<Attachment isAttached="true">
				<AttachedTo>503811</AttachedTo>
				<BoneIndex>0</BoneIndex>
				<X>1.01258409</X>
				<Y>-5.06346226</Y>
				<Z>1.79599035</Z>
				<Pitch>0.459299892</Pitch>
				<Roll>0.610036492</Roll>
				<Yaw>-3.76399994</Yaw>
			</Attachment>
		</Attachment>
		<Attachment>
			<ModelHash>0xc079b265</ModelHash>
			<Type>3</Type>
			<Dynamic>false</Dynamic>
			<FrozenPos>false</FrozenPos>
			<HashName>prop_beach_fire</HashName>
			<InitialHandle>512259</InitialHandle>
			<ObjectProperties>
				<TextureVariation>0</TextureVariation>
			</ObjectProperties>
			<OpacityLevel>255</OpacityLevel>
			<LodDistance>16960</LodDistance>
			<IsVisible>true</IsVisible>
			<MaxHealth>1000</MaxHealth>
			<Health>0</Health>
			<HasGravity>true</HasGravity>
			<IsOnFire>true</IsOnFire>
			<IsInvincible>false</IsInvincible>
			<IsBulletProof>false</IsBulletProof>
			<IsCollisionProof>false</IsCollisionProof>
			<IsExplosionProof>false</IsExplosionProof>
			<IsFireProof>false</IsFireProof>
			<IsMeleeProof>false</IsMeleeProof>
			<IsOnlyDamagedByPlayer>false</IsOnlyDamagedByPlayer>
			<PositionRotation>
				<X>-575.764404</X>
				<Y>5268</Y>
				<Z>71.0495758</Z>
				<Pitch>0.487834811</Pitch>
				<Roll>0.695846856</Roll>
				<Yaw>-167.704071</Yaw>
			</PositionRotation>
			<Attachment isAttached="true">
				<AttachedTo>503811</AttachedTo>
				<BoneIndex>0</BoneIndex>
				<X>-0.370313019</X>
				<Y>-5.28481436</Y>
				<Z>0.250276744</Z>
				<Pitch>0.459299892</Pitch>
				<Roll>0.610036492</Roll>
				<Yaw>2.25302887</Yaw>
			</Attachment>
		</Attachment>
		<Attachment>
			<ModelHash>0xc079b265</ModelHash>
			<Type>3</Type>
			<Dynamic>false</Dynamic>
			<FrozenPos>false</FrozenPos>
			<HashName>prop_beach_fire</HashName>
			<InitialHandle>512003</InitialHandle>
			<ObjectProperties>
				<TextureVariation>0</TextureVariation>
			</ObjectProperties>
			<OpacityLevel>255</OpacityLevel>
			<LodDistance>16960</LodDistance>
			<IsVisible>true</IsVisible>
			<MaxHealth>1000</MaxHealth>
			<Health>0</Health>
			<HasGravity>true</HasGravity>
			<IsOnFire>true</IsOnFire>
			<IsInvincible>false</IsInvincible>
			<IsBulletProof>false</IsBulletProof>
			<IsCollisionProof>false</IsCollisionProof>
			<IsExplosionProof>false</IsExplosionProof>
			<IsFireProof>false</IsFireProof>
			<IsMeleeProof>false</IsMeleeProof>
			<IsOnlyDamagedByPlayer>false</IsOnlyDamagedByPlayer>
			<PositionRotation>
				<X>-576.465454</X>
				<Y>5267.72852</Y>
				<Z>71.0619278</Z>
				<Pitch>0.487834811</Pitch>
				<Roll>0.695846856</Roll>
				<Yaw>-167.704071</Yaw>
			</PositionRotation>
			<Attachment isAttached="true">
				<AttachedTo>503811</AttachedTo>
				<BoneIndex>0</BoneIndex>
				<X>0.367328227</X>
				<Y>-5.13980675</Y>
				<Z>0.263687909</Z>
				<Pitch>0.459299892</Pitch>
				<Roll>0.610036492</Roll>
				<Yaw>2.25302887</Yaw>
			</Attachment>
		</Attachment>
		<Attachment>
			<ModelHash>0xa8683715</ModelHash>
			<Type>1</Type>
			<Dynamic>false</Dynamic>
			<FrozenPos>true</FrozenPos>
			<HashName>Chimp</HashName>
			<InitialHandle>511491</InitialHandle>
			<TaskSequence>
				<Task>
					<Type>14</Type>
					<Duration>10000</Duration>
					<KeepTaskRunningAfterTime>0</KeepTaskRunningAfterTime>
					<IsLoopedTask>false</IsLoopedTask>
					<AnimDict>missfbi5ig_30monkeys</AnimDict>
					<AnimName>monkey_c_idle</AnimName>
					<Speed>4</Speed>
					<SpeedMultiplier>-4</SpeedMultiplier>
					<Flag>1</Flag>
					<LockPos>false</LockPos>
					<OverrideDurationToNormalSpeedAnimDuration>false</OverrideDurationToNormalSpeedAnimDuration>
				</Task>
				<Task>
					<Type>39</Type>
					<Duration>1000</Duration>
					<KeepTaskRunningAfterTime>-2</KeepTaskRunningAfterTime>
					<IsLoopedTask>true</IsLoopedTask>
					<Delay>500</Delay>
					<AssetName>scr_finale1</AssetName>
					<EffectName>scr_fin_trev_car_impact</EffectName>
					<Scale>0.800000012</Scale>
					<Colour R="255" G="255" B="255" A="255" />
					<RelativePosition X="0" Y="0" Z="0" />
					<RelativeRotation X="0" Y="0" Z="0" />
				</Task>
			</TaskSequence>
			<PedProperties>
				<IsStill>true</IsStill>
				<CanRagdoll>false</CanRagdoll>
				<HasShortHeight>false</HasShortHeight>
				<CurrentWeapon>0xa2719263</CurrentWeapon>
				<PedProps>
					<_0>-1,-1</_0>
					<_1>-1,-1</_1>
					<_2>-1,-1</_2>
					<_3>-1,-1</_3>
					<_4>-1,-1</_4>
					<_5>-1,-1</_5>
					<_6>-1,-1</_6>
					<_7>-1,-1</_7>
					<_8>-1,-1</_8>
					<_9>-1,-1</_9>
				</PedProps>
				<PedComps>
					<_0>0,0</_0>
					<_1>0,0</_1>
					<_2>0,0</_2>
					<_3>0,0</_3>
					<_4>0,0</_4>
					<_5>0,0</_5>
					<_6>0,0</_6>
					<_7>0,0</_7>
					<_8>0,0</_8>
					<_9>0,0</_9>
					<_10>0,0</_10>
					<_11>0,0</_11>
				</PedComps>
				<RelationshipGroupAltered>false</RelationshipGroupAltered>
				<RelationshipGroup>0xfade4843</RelationshipGroup>
				<ScenarioActive>false</ScenarioActive>
				<AnimActive>false</AnimActive>
			</PedProperties>
			<OpacityLevel>255</OpacityLevel>
			<LodDistance>16960</LodDistance>
			<IsVisible>true</IsVisible>
			<MaxHealth>200</MaxHealth>
			<Health>200</Health>
			<HasGravity>true</HasGravity>
			<IsOnFire>false</IsOnFire>
			<IsInvincible>false</IsInvincible>
			<IsBulletProof>false</IsBulletProof>
			<IsCollisionProof>false</IsCollisionProof>
			<IsExplosionProof>false</IsExplosionProof>
			<IsFireProof>true</IsFireProof>
			<IsMeleeProof>false</IsMeleeProof>
			<IsOnlyDamagedByPlayer>false</IsOnlyDamagedByPlayer>
			<PositionRotation>
				<X>-576.057495</X>
				<Y>5267.23975</Y>
				<Z>72.4805984</Z>
				<Pitch>-0.0197809674</Pitch>
				<Roll>-0.0882375985</Roll>
				<Yaw>6.53748178</Yaw>
			</PositionRotation>
			<Attachment isAttached="true">
				<AttachedTo>503811</AttachedTo>
				<BoneIndex>0</BoneIndex>
				<X>0.048725836</X>
				<Y>-4.58657837</Y>
				<Z>1.68162787</Z>
				<Pitch>0.459300101</Pitch>
				<Roll>0.610036612</Roll>
				<Yaw>-183.853455</Yaw>
			</Attachment>
		</Attachment>
		<Attachment>
			<ModelHash>0xc2451209</ModelHash>
			<Type>3</Type>
			<Dynamic>true</Dynamic>
			<FrozenPos>false</FrozenPos>
			<HashName>prop_air_lights_02a</HashName>
			<InitialHandle>511235</InitialHandle>
			<TaskSequence>
				<Task>
					<Type>39</Type>
					<Duration>1000</Duration>
					<KeepTaskRunningAfterTime>-2</KeepTaskRunningAfterTime>
					<IsLoopedTask>true</IsLoopedTask>
					<Delay>500</Delay>
					<AssetName>scr_rcpaparazzo1</AssetName>
					<EffectName>scr_rcpap1_camera</EffectName>
					<Scale>0.800000012</Scale>
					<Colour R="255" G="255" B="255" A="255" />
					<RelativePosition X="0" Y="0" Z="0" />
					<RelativeRotation X="0" Y="0" Z="0" />
				</Task>
				<Task>
					<Type>39</Type>
					<Duration>1000</Duration>
					<KeepTaskRunningAfterTime>-2</KeepTaskRunningAfterTime>
					<IsLoopedTask>true</IsLoopedTask>
					<Delay>500</Delay>
					<AssetName>scr_family4</AssetName>
					<EffectName>scr_fam4_trailer_sparks</EffectName>
					<Scale>0.800000012</Scale>
					<Colour R="255" G="255" B="255" A="255" />
					<RelativePosition X="0" Y="0" Z="0" />
					<RelativeRotation X="0" Y="0" Z="0" />
				</Task>
			</TaskSequence>
			<ObjectProperties>
				<TextureVariation>0</TextureVariation>
			</ObjectProperties>
			<OpacityLevel>255</OpacityLevel>
			<LodDistance>16960</LodDistance>
			<IsVisible>true</IsVisible>
			<MaxHealth>1000</MaxHealth>
			<Health>0</Health>
			<HasGravity>true</HasGravity>
			<IsOnFire>false</IsOnFire>
			<IsInvincible>true</IsInvincible>
			<IsBulletProof>false</IsBulletProof>
			<IsCollisionProof>false</IsCollisionProof>
			<IsExplosionProof>true</IsExplosionProof>
			<IsFireProof>true</IsFireProof>
			<IsMeleeProof>true</IsMeleeProof>
			<IsOnlyDamagedByPlayer>false</IsOnlyDamagedByPlayer>
			<PositionRotation>
				<X>-574.162292</X>
				<Y>5260.43555</Y>
				<Z>75.925354</Z>
				<Pitch>-0.146115154</Pitch>
				<Roll>-0.715033472</Roll>
				<Yaw>-67.8646088</Yaw>
			</PositionRotation>
			<Attachment isAttached="true">
				<AttachedTo>503811</AttachedTo>
				<BoneIndex>0</BoneIndex>
				<X>-0.635993004</X>
				<Y>2.4453299</Y>
				<Z>5.12226629</Z>
				<Pitch>-0.225784346</Pitch>
				<Roll>-0.67225486</Roll>
				<Yaw>102.091934</Yaw>
			</Attachment>
		</Attachment>
		<Attachment>
			<ModelHash>0xd1fbb176</ModelHash>
			<Type>3</Type>
			<Dynamic>true</Dynamic>
			<FrozenPos>false</FrozenPos>
			<HashName>prop_air_lights_02b</HashName>
			<InitialHandle>509443</InitialHandle>
			<ObjectProperties>
				<TextureVariation>0</TextureVariation>
			</ObjectProperties>
			<OpacityLevel>255</OpacityLevel>
			<LodDistance>16960</LodDistance>
			<IsVisible>true</IsVisible>
			<MaxHealth>1000</MaxHealth>
			<Health>0</Health>
			<HasGravity>true</HasGravity>
			<IsOnFire>false</IsOnFire>
			<IsInvincible>false</IsInvincible>
			<IsBulletProof>false</IsBulletProof>
			<IsCollisionProof>false</IsCollisionProof>
			<IsExplosionProof>false</IsExplosionProof>
			<IsFireProof>false</IsFireProof>
			<IsMeleeProof>false</IsMeleeProof>
			<IsOnlyDamagedByPlayer>false</IsOnlyDamagedByPlayer>
			<PositionRotation>
				<X>-573.840454</X>
				<Y>5260.50049</Y>
				<Z>75.9166794</Z>
				<Pitch>0.376683533</Pitch>
				<Roll>0.573270321</Roll>
				<Yaw>59.9125023</Yaw>
			</PositionRotation>
			<Attachment isAttached="true">
				<AttachedTo>503811</AttachedTo>
				<BoneIndex>0</BoneIndex>
				<X>-0.964277267</X>
				<Y>2.43733096</Y>
				<Z>5.11309814</Z>
				<Pitch>0.459299892</Pitch>
				<Roll>0.610036492</Roll>
				<Yaw>-130.131348</Yaw>
			</Attachment>
		</Attachment>
		<Attachment>
			<ModelHash>0xc2451209</ModelHash>
			<Type>3</Type>
			<Dynamic>true</Dynamic>
			<FrozenPos>false</FrozenPos>
			<HashName>prop_air_lights_02a</HashName>
			<InitialHandle>508419</InitialHandle>
			<ObjectProperties>
				<TextureVariation>0</TextureVariation>
			</ObjectProperties>
			<OpacityLevel>255</OpacityLevel>
			<LodDistance>16960</LodDistance>
			<IsVisible>true</IsVisible>
			<MaxHealth>1000</MaxHealth>
			<Health>0</Health>
			<HasGravity>true</HasGravity>
			<IsOnFire>false</IsOnFire>
			<IsInvincible>false</IsInvincible>
			<IsBulletProof>false</IsBulletProof>
			<IsCollisionProof>false</IsCollisionProof>
			<IsExplosionProof>false</IsExplosionProof>
			<IsFireProof>false</IsFireProof>
			<IsMeleeProof>false</IsMeleeProof>
			<IsOnlyDamagedByPlayer>false</IsOnlyDamagedByPlayer>
			<PositionRotation>
				<X>-574.74884</X>
				<Y>5260.34326</Y>
				<Z>75.9238052</Z>
				<Pitch>0.383000672</Pitch>
				<Roll>0.561500847</Roll>
				<Yaw>51.4414711</Yaw>
			</PositionRotation>
			<Attachment isAttached="true">
				<AttachedTo>503811</AttachedTo>
				<BoneIndex>-1</BoneIndex>
				<X>-0.042387709</X>
				<Y>2.43356586</Y>
				<Z>5.12162638</Z>
				<Pitch>0.459299892</Pitch>
				<Roll>0.610036492</Roll>
				<Yaw>-138.602478</Yaw>
			</Attachment>
		</Attachment>
		<Attachment>
			<ModelHash>0xc2451209</ModelHash>
			<Type>3</Type>
			<Dynamic>true</Dynamic>
			<FrozenPos>false</FrozenPos>
			<HashName>prop_air_lights_02a</HashName>
			<InitialHandle>505603</InitialHandle>
			<TaskSequence>
				<Task>
					<Type>39</Type>
					<Duration>1000</Duration>
					<KeepTaskRunningAfterTime>-2</KeepTaskRunningAfterTime>
					<IsLoopedTask>true</IsLoopedTask>
					<Delay>500</Delay>
					<AssetName>scr_rcpaparazzo1</AssetName>
					<EffectName>scr_rcpap1_camera</EffectName>
					<Scale>0.800000012</Scale>
					<Colour R="255" G="255" B="255" A="255" />
					<RelativePosition X="0" Y="0" Z="0" />
					<RelativeRotation X="0" Y="0" Z="0" />
				</Task>
			</TaskSequence>
			<ObjectProperties>
				<TextureVariation>0</TextureVariation>
			</ObjectProperties>
			<OpacityLevel>255</OpacityLevel>
			<LodDistance>16960</LodDistance>
			<IsVisible>true</IsVisible>
			<MaxHealth>1000</MaxHealth>
			<Health>0</Health>
			<HasGravity>true</HasGravity>
			<IsOnFire>false</IsOnFire>
			<IsInvincible>false</IsInvincible>
			<IsBulletProof>false</IsBulletProof>
			<IsCollisionProof>false</IsCollisionProof>
			<IsExplosionProof>false</IsExplosionProof>
			<IsFireProof>false</IsFireProof>
			<IsMeleeProof>false</IsMeleeProof>
			<IsOnlyDamagedByPlayer>false</IsOnlyDamagedByPlayer>
			<PositionRotation>
				<X>-575.369202</X>
				<Y>5260.2334</Y>
				<Z>75.9228516</Z>
				<Pitch>0.383000672</Pitch>
				<Roll>0.561500847</Roll>
				<Yaw>51.4414711</Yaw>
			</PositionRotation>
			<Attachment isAttached="true">
				<AttachedTo>503811</AttachedTo>
				<BoneIndex>0</BoneIndex>
				<X>0.587612033</X>
				<Y>2.43356586</Y>
				<Z>5.12162638</Z>
				<Pitch>0.459299892</Pitch>
				<Roll>0.610036492</Roll>
				<Yaw>-138.602478</Yaw>
			</Attachment>
		</Attachment>
		<Attachment>
			<ModelHash>0xd1fbb176</ModelHash>
			<Type>3</Type>
			<Dynamic>true</Dynamic>
			<FrozenPos>false</FrozenPos>
			<HashName>prop_air_lights_02b</HashName>
			<InitialHandle>506371</InitialHandle>
			<ObjectProperties>
				<TextureVariation>0</TextureVariation>
			</ObjectProperties>
			<OpacityLevel>255</OpacityLevel>
			<LodDistance>16960</LodDistance>
			<IsVisible>true</IsVisible>
			<MaxHealth>1000</MaxHealth>
			<Health>0</Health>
			<HasGravity>true</HasGravity>
			<IsOnFire>false</IsOnFire>
			<IsInvincible>false</IsInvincible>
			<IsBulletProof>false</IsBulletProof>
			<IsCollisionProof>false</IsCollisionProof>
			<IsExplosionProof>false</IsExplosionProof>
			<IsFireProof>false</IsFireProof>
			<IsMeleeProof>false</IsMeleeProof>
			<IsOnlyDamagedByPlayer>false</IsOnlyDamagedByPlayer>
			<PositionRotation>
				<X>-574.431213</X>
				<Y>5260.396</Y>
				<Z>75.9157715</Z>
				<Pitch>0.376683533</Pitch>
				<Roll>0.573270321</Roll>
				<Yaw>59.9125023</Yaw>
			</PositionRotation>
			<Attachment isAttached="true">
				<AttachedTo>503811</AttachedTo>
				<BoneIndex>0</BoneIndex>
				<X>-0.36427784</X>
				<Y>2.43733096</Y>
				<Z>5.11309814</Z>
				<Pitch>0.459299892</Pitch>
				<Roll>0.610036492</Roll>
				<Yaw>-130.131348</Yaw>
			</Attachment>
		</Attachment>
		<Attachment>
			<ModelHash>0xd1fbb176</ModelHash>
			<Type>3</Type>
			<Dynamic>true</Dynamic>
			<FrozenPos>false</FrozenPos>
			<HashName>prop_air_lights_02b</HashName>
			<InitialHandle>507395</InitialHandle>
			<ObjectProperties>
				<TextureVariation>0</TextureVariation>
			</ObjectProperties>
			<OpacityLevel>255</OpacityLevel>
			<LodDistance>16960</LodDistance>
			<IsVisible>true</IsVisible>
			<MaxHealth>1000</MaxHealth>
			<Health>0</Health>
			<HasGravity>true</HasGravity>
			<IsOnFire>false</IsOnFire>
			<IsInvincible>false</IsInvincible>
			<IsBulletProof>false</IsBulletProof>
			<IsCollisionProof>false</IsCollisionProof>
			<IsExplosionProof>false</IsExplosionProof>
			<IsFireProof>false</IsFireProof>
			<IsMeleeProof>false</IsMeleeProof>
			<IsOnlyDamagedByPlayer>false</IsOnlyDamagedByPlayer>
			<PositionRotation>
				<X>-575.071289</X>
				<Y>5260.28271</Y>
				<Z>75.9147873</Z>
				<Pitch>0.376683533</Pitch>
				<Roll>0.573270321</Roll>
				<Yaw>59.9125023</Yaw>
			</PositionRotation>
			<Attachment isAttached="true">
				<AttachedTo>503811</AttachedTo>
				<BoneIndex>0</BoneIndex>
				<X>0.285722136</X>
				<Y>2.43733096</Y>
				<Z>5.11309814</Z>
				<Pitch>0.459299892</Pitch>
				<Roll>0.610036492</Roll>
				<Yaw>-130.131348</Yaw>
			</Attachment>
		</Attachment>
		<Attachment>
			<ModelHash>0xd1fbb176</ModelHash>
			<Type>3</Type>
			<Dynamic>true</Dynamic>
			<FrozenPos>false</FrozenPos>
			<HashName>prop_air_lights_02b</HashName>
			<InitialHandle>515843</InitialHandle>
			<ObjectProperties>
				<TextureVariation>0</TextureVariation>
			</ObjectProperties>
			<OpacityLevel>255</OpacityLevel>
			<LodDistance>16960</LodDistance>
			<IsVisible>true</IsVisible>
			<MaxHealth>1000</MaxHealth>
			<Health>0</Health>
			<HasGravity>true</HasGravity>
			<IsOnFire>false</IsOnFire>
			<IsInvincible>false</IsInvincible>
			<IsBulletProof>false</IsBulletProof>
			<IsCollisionProof>false</IsCollisionProof>
			<IsExplosionProof>false</IsExplosionProof>
			<IsFireProof>false</IsFireProof>
			<IsMeleeProof>false</IsMeleeProof>
			<IsOnlyDamagedByPlayer>false</IsOnlyDamagedByPlayer>
			<PositionRotation>
				<X>-575.681763</X>
				<Y>5260.17432</Y>
				<Z>75.9138412</Z>
				<Pitch>0.376683533</Pitch>
				<Roll>0.573270321</Roll>
				<Yaw>59.9125023</Yaw>
			</PositionRotation>
			<Attachment isAttached="true">
				<AttachedTo>503811</AttachedTo>
				<BoneIndex>0</BoneIndex>
				<X>0.905721545</X>
				<Y>2.43733096</Y>
				<Z>5.11309814</Z>
				<Pitch>0.459299892</Pitch>
				<Roll>0.610036492</Roll>
				<Yaw>-130.131348</Yaw>
			</Attachment>
		</Attachment>
		<Attachment>
			<ModelHash>0x5c14edfa</ModelHash>
			<Type>1</Type>
			<Dynamic>false</Dynamic>
			<FrozenPos>true</FrozenPos>
			<HashName>Stripper Lite</HashName>
			<InitialHandle>517379</InitialHandle>
			<PedProperties>
				<IsStill>true</IsStill>
				<CanRagdoll>false</CanRagdoll>
				<HasShortHeight>false</HasShortHeight>
				<CurrentWeapon>0xa2719263</CurrentWeapon>
				<PedProps>
					<_0>-1,-1</_0>
					<_1>-1,-1</_1>
					<_2>-1,-1</_2>
					<_3>-1,-1</_3>
					<_4>-1,-1</_4>
					<_5>-1,-1</_5>
					<_6>-1,-1</_6>
					<_7>-1,-1</_7>
					<_8>-1,-1</_8>
					<_9>-1,-1</_9>
				</PedProps>
				<PedComps>
					<_0>1,1</_0>
					<_1>0,0</_1>
					<_2>1,0</_2>
					<_3>1,1</_3>
					<_4>1,1</_4>
					<_5>0,0</_5>
					<_6>0,0</_6>
					<_7>0,0</_7>
					<_8>1,0</_8>
					<_9>2,0</_9>
					<_10>0,0</_10>
					<_11>0,0</_11>
				</PedComps>
				<RelationshipGroupAltered>false</RelationshipGroupAltered>
				<RelationshipGroup>0xfade4843</RelationshipGroup>
				<ScenarioActive>false</ScenarioActive>
				<AnimActive>false</AnimActive>
			</PedProperties>
			<OpacityLevel>255</OpacityLevel>
			<LodDistance>16960</LodDistance>
			<IsVisible>true</IsVisible>
			<MaxHealth>200</MaxHealth>
			<Health>0</Health>
			<HasGravity>true</HasGravity>
			<IsOnFire>false</IsOnFire>
			<IsInvincible>false</IsInvincible>
			<IsBulletProof>false</IsBulletProof>
			<IsCollisionProof>false</IsCollisionProof>
			<IsExplosionProof>false</IsExplosionProof>
			<IsFireProof>false</IsFireProof>
			<IsMeleeProof>false</IsMeleeProof>
			<IsOnlyDamagedByPlayer>false</IsOnlyDamagedByPlayer>
			<PositionRotation>
				<X>-573.619873</X>
				<Y>5258.31348</Y>
				<Z>72.2501144</Z>
				<Pitch>0.0224391297</Pitch>
				<Roll>0.087599352</Roll>
				<Yaw>-171.730331</Yaw>
			</PositionRotation>
			<Attachment isAttached="true">
				<AttachedTo>503811</AttachedTo>
				<BoneIndex>0</BoneIndex>
				<X>-0.794556618</X>
				<Y>4.62745762</Y>
				<Z>1.44582212</Z>
				<Pitch>0.662456334</Pitch>
				<Roll>0.298914969</Roll>
				<Yaw>-1.80774689</Yaw>
			</Attachment>
		</Attachment>
		<Attachment>
			<ModelHash>0xd9927fe3</ModelHash>
			<Type>2</Type>
			<Dynamic>true</Dynamic>
			<FrozenPos>true</FrozenPos>
			<HashName>Cuban 800</HashName>
			<InitialHandle>514051</InitialHandle>
			<VehicleProperties>
				<Colours>
					<Primary>43</Primary>
					<Secondary>132</Secondary>
					<Pearl>46</Pearl>
					<Rim>156</Rim>
					<Mod1_a>-86095805</Mod1_a>
					<Mod1_b>-1569615261</Mod1_b>
					<Mod1_c>0</Mod1_c>
					<Mod2_a>-1</Mod2_a>
					<Mod2_b>-1</Mod2_b>
					<IsPrimaryColourCustom>false</IsPrimaryColourCustom>
					<IsSecondaryColourCustom>false</IsSecondaryColourCustom>
					<tyreSmoke_R>255</tyreSmoke_R>
					<tyreSmoke_G>255</tyreSmoke_G>
					<tyreSmoke_B>255</tyreSmoke_B>
					<LrInterior>0</LrInterior>
					<LrDashboard>0</LrDashboard>
				</Colours>
				<Livery>-1</Livery>
				<NumberPlateText>28PDT386</NumberPlateText>
				<NumberPlateIndex>4</NumberPlateIndex>
				<WheelType>0</WheelType>
				<WheelsInvisible>false</WheelsInvisible>
				<EngineSoundName></EngineSoundName>
				<WindowTint>-1</WindowTint>
				<BulletProofTyres>false</BulletProofTyres>
				<DirtLevel>0</DirtLevel>
				<PaintFade>0.298039228</PaintFade>
				<RoofState>0</RoofState>
				<SirenActive>false</SirenActive>
				<EngineOn>false</EngineOn>
				<EngineHealth>-4000</EngineHealth>
				<LightsOn>false</LightsOn>
				<IsRadioLoud>0</IsRadioLoud>
				<Neons>
					<Left>true</Left>
					<Right>true</Right>
					<Front>true</Front>
					<Back>true</Back>
					<R>255</R>
					<G>0</G>
					<B>255</B>
				</Neons>
				<DoorsOpen>
					<BackLeftDoor>false</BackLeftDoor>
					<BackRightDoor>false</BackRightDoor>
					<FrontLeftDoor>false</FrontLeftDoor>
					<FrontRightDoor>false</FrontRightDoor>
					<Hood>false</Hood>
					<Trunk>false</Trunk>
					<Trunk2>false</Trunk2>
				</DoorsOpen>
				<DoorsBroken>
					<BackLeftDoor>false</BackLeftDoor>
					<BackRightDoor>false</BackRightDoor>
					<FrontLeftDoor>false</FrontLeftDoor>
					<FrontRightDoor>true</FrontRightDoor>
					<Hood>false</Hood>
					<Trunk>false</Trunk>
					<Trunk2>false</Trunk2>
				</DoorsBroken>
				<TyresBursted>
					<FrontLeft>true</FrontLeft>
					<FrontRight>false</FrontRight>
					<_2>false</_2>
					<_3>false</_3>
					<BackLeft>true</BackLeft>
					<BackRight>true</BackRight>
					<_6>true</_6>
					<_7>true</_7>
					<_8>false</_8>
				</TyresBursted>
				<RpmMultiplier>1</RpmMultiplier>
				<TorqueMultiplier>1</TorqueMultiplier>
				<HeadlightIntensity>1</HeadlightIntensity>
				<ModExtras />
				<Mods>
					<_0>-1,0</_0>
					<_1>-1,0</_1>
					<_2>-1,0</_2>
					<_3>-1,0</_3>
					<_4>-1,0</_4>
					<_5>-1,0</_5>
					<_6>-1,0</_6>
					<_7>-1,0</_7>
					<_8>-1,0</_8>
					<_9>-1,0</_9>
					<_10>-1,0</_10>
					<_11>-1,0</_11>
					<_12>-1,0</_12>
					<_13>-1,0</_13>
					<_14>-1,0</_14>
					<_15>-1,0</_15>
					<_16>-1,0</_16>
					<_17>false</_17>
					<_18>false</_18>
					<_19>false</_19>
					<_20>false</_20>
					<_21>false</_21>
					<_22>false</_22>
					<_23>-1,0</_23>
					<_24>-1,0</_24>
					<_25>-1,0</_25>
					<_26>-1,0</_26>
					<_27>-1,0</_27>
					<_28>-1,0</_28>
					<_29>-1,0</_29>
					<_30>-1,0</_30>
					<_31>-1,0</_31>
					<_32>-1,0</_32>
					<_33>-1,0</_33>
					<_34>-1,0</_34>
					<_35>-1,0</_35>
					<_36>-1,0</_36>
					<_37>-1,0</_37>
					<_38>-1,0</_38>
					<_39>-1,0</_39>
					<_40>-1,0</_40>
					<_41>-1,0</_41>
					<_42>-1,0</_42>
					<_43>-1,0</_43>
					<_44>-1,0</_44>
					<_45>-1,0</_45>
					<_46>-1,0</_46>
					<_47>-1,0</_47>
					<_48>-1,0</_48>
				</Mods>
			</VehicleProperties>
			<OpacityLevel>255</OpacityLevel>
			<LodDistance>16960</LodDistance>
			<IsVisible>true</IsVisible>
			<MaxHealth>1000</MaxHealth>
			<Health>300</Health>
			<HasGravity>true</HasGravity>
			<IsOnFire>false</IsOnFire>
			<IsInvincible>true</IsInvincible>
			<IsBulletProof>false</IsBulletProof>
			<IsCollisionProof>true</IsCollisionProof>
			<IsExplosionProof>true</IsExplosionProof>
			<IsFireProof>true</IsFireProof>
			<IsMeleeProof>true</IsMeleeProof>
			<IsOnlyDamagedByPlayer>false</IsOnlyDamagedByPlayer>
			<PositionRotation>
				<X>-574.815369</X>
				<Y>5260.98438</Y>
				<Z>72.0238037</Z>
				<Pitch>0.995540977</Pitch>
				<Roll>0.385079831</Roll>
				<Yaw>-170.080231</Yaw>
			</PositionRotation>
			<Attachment isAttached="true">
				<AttachedTo>503811</AttachedTo>
				<BoneIndex>0</BoneIndex>
				<X>-0.0827067122</X>
				<Y>1.78932607</Y>
				<Z>1.22183776</Z>
				<Pitch>0.970587611</Pitch>
				<Roll>0.29815051</Roll>
				<Yaw>-0.122329712</Yaw>
			</Attachment>
		</Attachment>
	</SpoonerAttachments>
</Vehicle>
