<?xml version="1.0" encoding="ISO-8859-1"?>
<Vehicle menyoo_ver="0.999876778b">
	<ModelHash>0x2ea68690</ModelHash>
	<InitialHandle>27138</InitialHandle>
	<VehicleProperties>
		<Colours>
			<Primary>131</Primary>
			<Secondary>132</Secondary>
			<Pearl>132</Pearl>
			<Rim>156</Rim>
			<Mod1_a>-1229717504</Mod1_a>
			<Mod1_b>32766</Mod1_b>
			<Mod1_c>1580204032</Mod1_c>
			<Mod2_a>347</Mod2_a>
			<Mod2_b>518</Mod2_b>
			<IsPrimaryColourCustom>false</IsPrimaryColourCustom>
			<IsSecondaryColourCustom>false</IsSecondaryColourCustom>
			<tyreSmoke_R>255</tyreSmoke_R>
			<tyreSmoke_G>255</tyreSmoke_G>
			<tyreSmoke_B>255</tyreSmoke_B>
			<LrInterior>0</LrInterior>
			<LrDashboard>0</LrDashboard>
		</Colours>
		<Livery>-1</Livery>
		<NumberPlateText> MENYOO </NumberPlateText>
		<NumberPlateIndex>5</NumberPlateIndex>
		<WheelType>0</WheelType>
		<WheelsInvisible>false</WheelsInvisible>
		<EngineSoundName></EngineSoundName>
		<WindowTint>-1</WindowTint>
		<BulletProofTyres>true</BulletProofTyres>
		<DirtLevel>0.904635608</DirtLevel>
		<PaintFade>0.298039228</PaintFade>
		<RoofState>0</RoofState>
		<SirenActive>false</SirenActive>
		<EngineOn>true</EngineOn>
		<EngineHealth>1000</EngineHealth>
		<LightsOn>true</LightsOn>
		<IsRadioLoud>0</IsRadioLoud>
		<LockStatus>1</LockStatus>
		<Neons>
			<Left>false</Left>
			<Right>false</Right>
			<Front>false</Front>
			<Back>false</Back>
			<R>255</R>
			<G>0</G>
			<B>255</B>
		</Neons>
		<ModExtras>
			<_1>true</_1>
			<_2>true</_2>
			<_3>true</_3>
			<_4>true</_4>
			<_5>true</_5>
			<_6>true</_6>
			<_7>true</_7>
			<_8>true</_8>
			<_9>true</_9>
		</ModExtras>
		<Mods>
			<_0>-1,0</_0>
			<_1>-1,0</_1>
			<_2>-1,0</_2>
			<_3>-1,0</_3>
			<_4>-1,0</_4>
			<_5>-1,0</_5>
			<_6>-1,0</_6>
			<_7>-1,0</_7>
			<_8>-1,0</_8>
			<_9>-1,0</_9>
			<_10>-1,0</_10>
			<_11>-1,0</_11>
			<_12>-1,0</_12>
			<_13>-1,0</_13>
			<_14>-1,0</_14>
			<_15>-1,0</_15>
			<_16>-1,0</_16>
			<_17>false</_17>
			<_18>false</_18>
			<_19>false</_19>
			<_20>false</_20>
			<_21>false</_21>
			<_22>false</_22>
			<_23>-1,0</_23>
			<_24>-1,0</_24>
			<_25>-1,0</_25>
			<_26>-1,0</_26>
			<_27>-1,0</_27>
			<_28>-1,0</_28>
			<_29>-1,0</_29>
			<_30>-1,0</_30>
			<_31>-1,0</_31>
			<_32>-1,0</_32>
			<_33>-1,0</_33>
			<_34>-1,0</_34>
			<_35>-1,0</_35>
			<_36>-1,0</_36>
			<_37>-1,0</_37>
			<_38>-1,0</_38>
			<_39>-1,0</_39>
			<_40>-1,0</_40>
			<_41>-1,0</_41>
			<_42>-1,0</_42>
			<_43>-1,0</_43>
			<_44>-1,0</_44>
			<_45>-1,0</_45>
			<_46>-1,0</_46>
			<_47>-1,0</_47>
			<_48>-1,0</_48>
		</Mods>
		<DoorsOpen>
			<BackLeftDoor>false</BackLeftDoor>
			<BackRightDoor>false</BackRightDoor>
			<FrontLeftDoor>false</FrontLeftDoor>
			<FrontRightDoor>false</FrontRightDoor>
			<Hood>false</Hood>
			<Trunk>false</Trunk>
			<Trunk2>false</Trunk2>
		</DoorsOpen>
		<DoorsBroken>
			<BackLeftDoor>false</BackLeftDoor>
			<BackRightDoor>false</BackRightDoor>
			<FrontLeftDoor>false</FrontLeftDoor>
			<FrontRightDoor>false</FrontRightDoor>
			<Hood>false</Hood>
			<Trunk>false</Trunk>
			<Trunk2>false</Trunk2>
		</DoorsBroken>
		<TyresBursted>
			<FrontLeft>false</FrontLeft>
			<FrontRight>false</FrontRight>
			<_2>false</_2>
			<_3>false</_3>
			<BackLeft>false</BackLeft>
			<BackRight>false</BackRight>
			<_6>false</_6>
			<_7>false</_7>
			<_8>false</_8>
		</TyresBursted>
	</VehicleProperties>
	<OpacityLevel>255</OpacityLevel>
	<LodDistance>750</LodDistance>
	<IsVisible>true</IsVisible>
	<IsDriverVisible>true</IsDriverVisible>
	<MaxHealth>1000</MaxHealth>
	<Health>1000</Health>
	<HasGravity>true</HasGravity>
	<IsOnFire>false</IsOnFire>
	<IsInvincible>true</IsInvincible>
	<IsBulletProof>true</IsBulletProof>
	<IsExplosionProof>true</IsExplosionProof>
	<IsFireProof>false</IsFireProof>
	<IsMeleeProof>true</IsMeleeProof>
	<IsOnlyDamagedByPlayer>false</IsOnlyDamagedByPlayer>
	<SpoonerAttachments SetAttachmentsPersistentAndAddToSpoonerDatabase="false" StartTaskSequencesOnLoad="true">
		<Attachment>
			<ModelHash>0xe0545565</ModelHash>
			<Type>3</Type>
			<Dynamic>false</Dynamic>
			<FrozenPos>true</FrozenPos>
			<HashName>prop_tanktrailer_01a</HashName>
			<InitialHandle>160780</InitialHandle>
			<ObjectProperties>
				<TextureVariation>0</TextureVariation>
			</ObjectProperties>
			<OpacityLevel>255</OpacityLevel>
			<LodDistance>16960</LodDistance>
			<IsVisible>true</IsVisible>
			<MaxHealth>1000</MaxHealth>
			<Health>1000</Health>
			<HasGravity>true</HasGravity>
			<IsOnFire>false</IsOnFire>
			<IsInvincible>true</IsInvincible>
			<IsBulletProof>false</IsBulletProof>
			<IsCollisionProof>false</IsCollisionProof>
			<IsExplosionProof>true</IsExplosionProof>
			<IsFireProof>true</IsFireProof>
			<IsMeleeProof>true</IsMeleeProof>
			<IsOnlyDamagedByPlayer>false</IsOnlyDamagedByPlayer>
			<PositionRotation>
				<X>1609.49585</X>
				<Y>3213.1394</Y>
				<Z>40.4160576</Z>
				<Pitch>-61.0778008</Pitch>
				<Roll>1.29845202</Roll>
				<Yaw>104.584084</Yaw>
			</PositionRotation>
			<Attachment isAttached="true">
				<AttachedTo>27138</AttachedTo>
				<BoneIndex>0</BoneIndex>
				<X>-5.96046448e-08</X>
				<Y>-2.69999957</Y>
				<Z>0</Z>
				<Pitch>-60.9596443</Pitch>
				<Roll>0</Roll>
				<Yaw>0</Yaw>
			</Attachment>
		</Attachment>
		<Attachment>
			<ModelHash>0xe0545565</ModelHash>
			<Type>3</Type>
			<Dynamic>false</Dynamic>
			<FrozenPos>true</FrozenPos>
			<HashName>prop_tanktrailer_01a</HashName>
			<InitialHandle>550680</InitialHandle>
			<ObjectProperties>
				<TextureVariation>0</TextureVariation>
			</ObjectProperties>
			<OpacityLevel>255</OpacityLevel>
			<LodDistance>16960</LodDistance>
			<IsVisible>true</IsVisible>
			<MaxHealth>1000</MaxHealth>
			<Health>1000</Health>
			<HasGravity>true</HasGravity>
			<IsOnFire>false</IsOnFire>
			<IsInvincible>true</IsInvincible>
			<IsBulletProof>false</IsBulletProof>
			<IsCollisionProof>false</IsCollisionProof>
			<IsExplosionProof>true</IsExplosionProof>
			<IsFireProof>true</IsFireProof>
			<IsMeleeProof>true</IsMeleeProof>
			<IsOnlyDamagedByPlayer>false</IsOnlyDamagedByPlayer>
			<PositionRotation>
				<X>1612.48254</X>
				<Y>3219.07324</Y>
				<Z>47.370163</Z>
				<Pitch>32.5863724</Pitch>
				<Roll>-0.581153691</Roll>
				<Yaw>-24.9370098</Yaw>
			</PositionRotation>
			<Attachment isAttached="true">
				<AttachedTo>27138</AttachedTo>
				<BoneIndex>0</BoneIndex>
				<X>4.99999905</X>
				<Y>-6.99999952</Y>
				<Z>6.99999952</Z>
				<Pitch>32.9999962</Pitch>
				<Roll>0</Roll>
				<Yaw>-128.699997</Yaw>
			</Attachment>
		</Attachment>
		<Attachment>
			<ModelHash>0x2ea68690</ModelHash>
			<Type>2</Type>
			<Dynamic>true</Dynamic>
			<FrozenPos>false</FrozenPos>
			<HashName>Rhino Tank</HashName>
			<InitialHandle>278565</InitialHandle>
			<VehicleProperties>
				<Colours>
					<Primary>131</Primary>
					<Secondary>132</Secondary>
					<Pearl>132</Pearl>
					<Rim>156</Rim>
					<Mod1_a>0</Mod1_a>
					<Mod1_b>0</Mod1_b>
					<Mod1_c>-1442826441</Mod1_c>
					<Mod2_a>0</Mod2_a>
					<Mod2_b>0</Mod2_b>
					<IsPrimaryColourCustom>false</IsPrimaryColourCustom>
					<IsSecondaryColourCustom>false</IsSecondaryColourCustom>
					<tyreSmoke_R>255</tyreSmoke_R>
					<tyreSmoke_G>255</tyreSmoke_G>
					<tyreSmoke_B>255</tyreSmoke_B>
					<LrInterior>0</LrInterior>
					<LrDashboard>0</LrDashboard>
				</Colours>
				<Livery>-1</Livery>
				<NumberPlateText>61KWH630</NumberPlateText>
				<NumberPlateIndex>4</NumberPlateIndex>
				<WheelType>0</WheelType>
				<WheelsInvisible>false</WheelsInvisible>
				<EngineSoundName></EngineSoundName>
				<WindowTint>-1</WindowTint>
				<BulletProofTyres>true</BulletProofTyres>
				<DirtLevel>0</DirtLevel>
				<PaintFade>0.298039228</PaintFade>
				<RoofState>0</RoofState>
				<SirenActive>false</SirenActive>
				<EngineOn>false</EngineOn>
				<EngineHealth>1000</EngineHealth>
				<LightsOn>false</LightsOn>
				<IsRadioLoud>0</IsRadioLoud>
				<LockStatus>1</LockStatus>
				<Neons>
					<Left>false</Left>
					<Right>false</Right>
					<Front>false</Front>
					<Back>false</Back>
					<R>255</R>
					<G>0</G>
					<B>255</B>
				</Neons>
				<DoorsOpen>
					<BackLeftDoor>false</BackLeftDoor>
					<BackRightDoor>false</BackRightDoor>
					<FrontLeftDoor>false</FrontLeftDoor>
					<FrontRightDoor>false</FrontRightDoor>
					<Hood>false</Hood>
					<Trunk>false</Trunk>
					<Trunk2>false</Trunk2>
				</DoorsOpen>
				<DoorsBroken>
					<BackLeftDoor>false</BackLeftDoor>
					<BackRightDoor>false</BackRightDoor>
					<FrontLeftDoor>false</FrontLeftDoor>
					<FrontRightDoor>false</FrontRightDoor>
					<Hood>false</Hood>
					<Trunk>false</Trunk>
					<Trunk2>false</Trunk2>
				</DoorsBroken>
				<TyresBursted>
					<FrontLeft>false</FrontLeft>
					<FrontRight>false</FrontRight>
					<_2>false</_2>
					<_3>false</_3>
					<BackLeft>false</BackLeft>
					<BackRight>false</BackRight>
					<_6>false</_6>
					<_7>false</_7>
					<_8>false</_8>
				</TyresBursted>
				<ModExtras>
					<_1>true</_1>
					<_2>true</_2>
					<_3>true</_3>
					<_4>true</_4>
					<_5>true</_5>
					<_6>true</_6>
					<_7>true</_7>
					<_8>true</_8>
					<_9>true</_9>
				</ModExtras>
				<Mods>
					<_0>-1,0</_0>
					<_1>-1,0</_1>
					<_2>-1,0</_2>
					<_3>-1,0</_3>
					<_4>-1,0</_4>
					<_5>-1,0</_5>
					<_6>-1,0</_6>
					<_7>-1,0</_7>
					<_8>-1,0</_8>
					<_9>-1,0</_9>
					<_10>-1,0</_10>
					<_11>-1,0</_11>
					<_12>-1,0</_12>
					<_13>-1,0</_13>
					<_14>-1,0</_14>
					<_15>-1,0</_15>
					<_16>-1,0</_16>
					<_17>false</_17>
					<_18>false</_18>
					<_19>false</_19>
					<_20>false</_20>
					<_21>false</_21>
					<_22>false</_22>
					<_23>-1,0</_23>
					<_24>-1,0</_24>
					<_25>-1,0</_25>
					<_26>-1,0</_26>
					<_27>-1,0</_27>
					<_28>-1,0</_28>
					<_29>-1,0</_29>
					<_30>-1,0</_30>
					<_31>-1,0</_31>
					<_32>-1,0</_32>
					<_33>-1,0</_33>
					<_34>-1,0</_34>
					<_35>-1,0</_35>
					<_36>-1,0</_36>
					<_37>-1,0</_37>
					<_38>-1,0</_38>
					<_39>-1,0</_39>
					<_40>-1,0</_40>
					<_41>-1,0</_41>
					<_42>-1,0</_42>
					<_43>-1,0</_43>
					<_44>-1,0</_44>
					<_45>-1,0</_45>
					<_46>-1,0</_46>
					<_47>-1,0</_47>
					<_48>-1,0</_48>
				</Mods>
			</VehicleProperties>
			<OpacityLevel>255</OpacityLevel>
			<LodDistance>16960</LodDistance>
			<IsVisible>true</IsVisible>
			<MaxHealth>1000</MaxHealth>
			<Health>1000</Health>
			<HasGravity>true</HasGravity>
			<IsOnFire>false</IsOnFire>
			<IsInvincible>true</IsInvincible>
			<IsBulletProof>false</IsBulletProof>
			<IsCollisionProof>false</IsCollisionProof>
			<IsExplosionProof>true</IsExplosionProof>
			<IsFireProof>true</IsFireProof>
			<IsMeleeProof>true</IsMeleeProof>
			<IsOnlyDamagedByPlayer>false</IsOnlyDamagedByPlayer>
			<PositionRotation>
				<X>1602.91663</X>
				<Y>3229.04443</Y>
				<Z>40.223896</Z>
				<Pitch>-0.124379128</Pitch>
				<Roll>0.62792021</Roll>
				<Yaw>103.448898</Yaw>
			</PositionRotation>
			<Attachment isAttached="true">
				<AttachedTo>27138</AttachedTo>
				<BoneIndex>0</BoneIndex>
				<X>16.9999981</X>
				<Y>0</Y>
				<Z>0</Z>
				<Pitch>0</Pitch>
				<Roll>0</Roll>
				<Yaw>0</Yaw>
			</Attachment>
		</Attachment>
		<Attachment>
			<ModelHash>0xe0545565</ModelHash>
			<Type>3</Type>
			<Dynamic>false</Dynamic>
			<FrozenPos>true</FrozenPos>
			<HashName>prop_tanktrailer_01a</HashName>
			<InitialHandle>691493</InitialHandle>
			<ObjectProperties>
				<TextureVariation>0</TextureVariation>
			</ObjectProperties>
			<OpacityLevel>255</OpacityLevel>
			<LodDistance>16960</LodDistance>
			<IsVisible>true</IsVisible>
			<MaxHealth>1000</MaxHealth>
			<Health>1000</Health>
			<HasGravity>true</HasGravity>
			<IsOnFire>false</IsOnFire>
			<IsInvincible>true</IsInvincible>
			<IsBulletProof>false</IsBulletProof>
			<IsCollisionProof>false</IsCollisionProof>
			<IsExplosionProof>true</IsExplosionProof>
			<IsFireProof>true</IsFireProof>
			<IsMeleeProof>true</IsMeleeProof>
			<IsOnlyDamagedByPlayer>false</IsOnlyDamagedByPlayer>
			<PositionRotation>
				<X>1605.83435</X>
				<Y>3229.74219</Y>
				<Z>40.2304077</Z>
				<Pitch>-61.1181564</Pitch>
				<Roll>1.30010962</Roll>
				<Yaw>104.585983</Yaw>
			</PositionRotation>
			<Attachment isAttached="true">
				<AttachedTo>27138</AttachedTo>
				<BoneIndex>0</BoneIndex>
				<X>16.9999981</X>
				<Y>-2.99999976</Y>
				<Z>0</Z>
				<Pitch>-61</Pitch>
				<Roll>0</Roll>
				<Yaw>0</Yaw>
			</Attachment>
		</Attachment>
		<Attachment>
			<ModelHash>0xe0545565</ModelHash>
			<Type>3</Type>
			<Dynamic>false</Dynamic>
			<FrozenPos>true</FrozenPos>
			<HashName>prop_tanktrailer_01a</HashName>
			<InitialHandle>238642</InitialHandle>
			<ObjectProperties>
				<TextureVariation>0</TextureVariation>
			</ObjectProperties>
			<OpacityLevel>255</OpacityLevel>
			<LodDistance>16960</LodDistance>
			<IsVisible>true</IsVisible>
			<MaxHealth>1000</MaxHealth>
			<Health>1000</Health>
			<HasGravity>true</HasGravity>
			<IsOnFire>false</IsOnFire>
			<IsInvincible>true</IsInvincible>
			<IsBulletProof>false</IsBulletProof>
			<IsCollisionProof>false</IsCollisionProof>
			<IsExplosionProof>true</IsExplosionProof>
			<IsFireProof>true</IsFireProof>
			<IsMeleeProof>true</IsMeleeProof>
			<IsOnlyDamagedByPlayer>false</IsOnlyDamagedByPlayer>
			<PositionRotation>
				<X>1611.59485</X>
				<Y>3227.08594</Y>
				<Z>47.2846603</Z>
				<Pitch>31.5050049</Pitch>
				<Roll>-7.46010542</Roll>
				<Yaw>-117.313095</Yaw>
			</PositionRotation>
			<Attachment isAttached="true">
				<AttachedTo>27138</AttachedTo>
				<BoneIndex>0</BoneIndex>
				<X>12.9999981</X>
				<Y>-7.99999905</Y>
				<Z>6.99999952</Z>
				<Pitch>30.9999962</Pitch>
				<Roll>-6.99999905</Roll>
				<Yaw>138.999985</Yaw>
			</Attachment>
		</Attachment>
		<Attachment>
			<ModelHash>0xda76fe6e</ModelHash>
			<Type>3</Type>
			<Dynamic>false</Dynamic>
			<FrozenPos>true</FrozenPos>
			<HashName>prop_container_01a</HashName>
			<InitialHandle>500809</InitialHandle>
			<ObjectProperties>
				<TextureVariation>0</TextureVariation>
			</ObjectProperties>
			<OpacityLevel>255</OpacityLevel>
			<LodDistance>16960</LodDistance>
			<IsVisible>true</IsVisible>
			<MaxHealth>1000</MaxHealth>
			<Health>1000</Health>
			<HasGravity>true</HasGravity>
			<IsOnFire>false</IsOnFire>
			<IsInvincible>true</IsInvincible>
			<IsBulletProof>false</IsBulletProof>
			<IsCollisionProof>false</IsCollisionProof>
			<IsExplosionProof>true</IsExplosionProof>
			<IsFireProof>true</IsFireProof>
			<IsMeleeProof>true</IsMeleeProof>
			<IsOnlyDamagedByPlayer>false</IsOnlyDamagedByPlayer>
			<PositionRotation>
				<X>1613.06226</X>
				<Y>3226.05835</Y>
				<Z>52.7022858</Z>
				<Pitch>89.3608093</Pitch>
				<Roll>78.7943878</Roll>
				<Yaw>24.6538277</Yaw>
			</PositionRotation>
			<Attachment isAttached="true">
				<AttachedTo>27138</AttachedTo>
				<BoneIndex>0</BoneIndex>
				<X>11.6000013</X>
				<Y>-9.20000076</Y>
				<Z>12.400013</Z>
				<Pitch>89.9999924</Pitch>
				<Roll>0</Roll>
				<Yaw>0</Yaw>
			</Attachment>
		</Attachment>
		<Attachment>
			<ModelHash>0xda76fe6e</ModelHash>
			<Type>3</Type>
			<Dynamic>false</Dynamic>
			<FrozenPos>true</FrozenPos>
			<HashName>prop_container_01a</HashName>
			<InitialHandle>633942</InitialHandle>
			<ObjectProperties>
				<TextureVariation>0</TextureVariation>
			</ObjectProperties>
			<OpacityLevel>255</OpacityLevel>
			<LodDistance>16960</LodDistance>
			<IsVisible>true</IsVisible>
			<MaxHealth>1000</MaxHealth>
			<Health>1000</Health>
			<HasGravity>true</HasGravity>
			<IsOnFire>false</IsOnFire>
			<IsInvincible>true</IsInvincible>
			<IsBulletProof>false</IsBulletProof>
			<IsCollisionProof>false</IsCollisionProof>
			<IsExplosionProof>true</IsExplosionProof>
			<IsFireProof>true</IsFireProof>
			<IsMeleeProof>true</IsMeleeProof>
			<IsOnlyDamagedByPlayer>false</IsOnlyDamagedByPlayer>
			<PositionRotation>
				<X>1613.66687</X>
				<Y>3223.52979</Y>
				<Z>52.7307777</Z>
				<Pitch>89.3608093</Pitch>
				<Roll>78.7943878</Roll>
				<Yaw>24.6538277</Yaw>
			</PositionRotation>
			<Attachment isAttached="true">
				<AttachedTo>27138</AttachedTo>
				<BoneIndex>0</BoneIndex>
				<X>8.99999142</X>
				<Y>-9.20000076</Y>
				<Z>12.400013</Z>
				<Pitch>89.9999924</Pitch>
				<Roll>0</Roll>
				<Yaw>0</Yaw>
			</Attachment>
		</Attachment>
		<Attachment>
			<ModelHash>0xda76fe6e</ModelHash>
			<Type>3</Type>
			<Dynamic>false</Dynamic>
			<FrozenPos>true</FrozenPos>
			<HashName>prop_container_01a</HashName>
			<InitialHandle>270425</InitialHandle>
			<ObjectProperties>
				<TextureVariation>0</TextureVariation>
			</ObjectProperties>
			<OpacityLevel>255</OpacityLevel>
			<LodDistance>16960</LodDistance>
			<IsVisible>true</IsVisible>
			<MaxHealth>1000</MaxHealth>
			<Health>1000</Health>
			<HasGravity>true</HasGravity>
			<IsOnFire>false</IsOnFire>
			<IsInvincible>true</IsInvincible>
			<IsBulletProof>false</IsBulletProof>
			<IsCollisionProof>false</IsCollisionProof>
			<IsExplosionProof>true</IsExplosionProof>
			<IsFireProof>true</IsFireProof>
			<IsMeleeProof>true</IsMeleeProof>
			<IsOnlyDamagedByPlayer>false</IsOnlyDamagedByPlayer>
			<PositionRotation>
				<X>1614.24829</X>
				<Y>3221.09839</Y>
				<Z>52.7581749</Z>
				<Pitch>89.3608093</Pitch>
				<Roll>78.7943878</Roll>
				<Yaw>24.6538277</Yaw>
			</PositionRotation>
			<Attachment isAttached="true">
				<AttachedTo>27138</AttachedTo>
				<BoneIndex>0</BoneIndex>
				<X>6.49998951</X>
				<Y>-9.20000076</Y>
				<Z>12.400013</Z>
				<Pitch>89.9999924</Pitch>
				<Roll>0</Roll>
				<Yaw>0</Yaw>
			</Attachment>
		</Attachment>
		<Attachment>
			<ModelHash>0xda76fe6e</ModelHash>
			<Type>3</Type>
			<Dynamic>false</Dynamic>
			<FrozenPos>true</FrozenPos>
			<HashName>prop_container_01a</HashName>
			<InitialHandle>431708</InitialHandle>
			<ObjectProperties>
				<TextureVariation>0</TextureVariation>
			</ObjectProperties>
			<OpacityLevel>255</OpacityLevel>
			<LodDistance>16960</LodDistance>
			<IsVisible>true</IsVisible>
			<MaxHealth>1000</MaxHealth>
			<Health>1000</Health>
			<HasGravity>true</HasGravity>
			<IsOnFire>false</IsOnFire>
			<IsInvincible>true</IsInvincible>
			<IsBulletProof>false</IsBulletProof>
			<IsCollisionProof>false</IsCollisionProof>
			<IsExplosionProof>true</IsExplosionProof>
			<IsFireProof>true</IsFireProof>
			<IsMeleeProof>true</IsMeleeProof>
			<IsOnlyDamagedByPlayer>false</IsOnlyDamagedByPlayer>
			<PositionRotation>
				<X>1616.87427</X>
				<Y>3221.72656</Y>
				<Z>52.7640381</Z>
				<Pitch>89.3608093</Pitch>
				<Roll>78.7943878</Roll>
				<Yaw>24.6538277</Yaw>
			</PositionRotation>
			<Attachment isAttached="true">
				<AttachedTo>27138</AttachedTo>
				<BoneIndex>0</BoneIndex>
				<X>6.49998951</X>
				<Y>-11.9000111</Y>
				<Z>12.400013</Z>
				<Pitch>89.9999924</Pitch>
				<Roll>0</Roll>
				<Yaw>0</Yaw>
			</Attachment>
		</Attachment>
		<Attachment>
			<ModelHash>0xda76fe6e</ModelHash>
			<Type>3</Type>
			<Dynamic>false</Dynamic>
			<FrozenPos>true</FrozenPos>
			<HashName>prop_container_01a</HashName>
			<InitialHandle>39263</InitialHandle>
			<ObjectProperties>
				<TextureVariation>0</TextureVariation>
			</ObjectProperties>
			<OpacityLevel>255</OpacityLevel>
			<LodDistance>16960</LodDistance>
			<IsVisible>true</IsVisible>
			<MaxHealth>1000</MaxHealth>
			<Health>1000</Health>
			<HasGravity>true</HasGravity>
			<IsOnFire>false</IsOnFire>
			<IsInvincible>true</IsInvincible>
			<IsBulletProof>false</IsBulletProof>
			<IsCollisionProof>false</IsCollisionProof>
			<IsExplosionProof>true</IsExplosionProof>
			<IsFireProof>true</IsFireProof>
			<IsMeleeProof>true</IsMeleeProof>
			<IsOnlyDamagedByPlayer>false</IsOnlyDamagedByPlayer>
			<PositionRotation>
				<X>1616.29285</X>
				<Y>3224.15771</Y>
				<Z>52.7366371</Z>
				<Pitch>89.3608093</Pitch>
				<Roll>78.7943878</Roll>
				<Yaw>24.6538277</Yaw>
			</PositionRotation>
			<Attachment isAttached="true">
				<AttachedTo>27138</AttachedTo>
				<BoneIndex>0</BoneIndex>
				<X>8.99999142</X>
				<Y>-11.9000111</Y>
				<Z>12.400013</Z>
				<Pitch>89.9999924</Pitch>
				<Roll>0</Roll>
				<Yaw>0</Yaw>
			</Attachment>
		</Attachment>
		<Attachment>
			<ModelHash>0xda76fe6e</ModelHash>
			<Type>3</Type>
			<Dynamic>false</Dynamic>
			<FrozenPos>true</FrozenPos>
			<HashName>prop_container_01a</HashName>
			<InitialHandle>343392</InitialHandle>
			<ObjectProperties>
				<TextureVariation>0</TextureVariation>
			</ObjectProperties>
			<OpacityLevel>255</OpacityLevel>
			<LodDistance>16960</LodDistance>
			<IsVisible>true</IsVisible>
			<MaxHealth>1000</MaxHealth>
			<Health>1000</Health>
			<HasGravity>true</HasGravity>
			<IsOnFire>false</IsOnFire>
			<IsInvincible>true</IsInvincible>
			<IsBulletProof>false</IsBulletProof>
			<IsCollisionProof>false</IsCollisionProof>
			<IsExplosionProof>true</IsExplosionProof>
			<IsFireProof>true</IsFireProof>
			<IsMeleeProof>true</IsMeleeProof>
			<IsOnlyDamagedByPlayer>false</IsOnlyDamagedByPlayer>
			<PositionRotation>
				<X>1615.68823</X>
				<Y>3226.68628</Y>
				<Z>52.7081451</Z>
				<Pitch>89.3608093</Pitch>
				<Roll>78.7943878</Roll>
				<Yaw>24.6538277</Yaw>
			</PositionRotation>
			<Attachment isAttached="true">
				<AttachedTo>27138</AttachedTo>
				<BoneIndex>0</BoneIndex>
				<X>11.6000013</X>
				<Y>-11.9000111</Y>
				<Z>12.400013</Z>
				<Pitch>89.9999924</Pitch>
				<Roll>0</Roll>
				<Yaw>0</Yaw>
			</Attachment>
		</Attachment>
		<Attachment>
			<ModelHash>0xda76fe6e</ModelHash>
			<Type>3</Type>
			<Dynamic>false</Dynamic>
			<FrozenPos>true</FrozenPos>
			<HashName>prop_container_01a</HashName>
			<InitialHandle>693601</InitialHandle>
			<ObjectProperties>
				<TextureVariation>0</TextureVariation>
			</ObjectProperties>
			<OpacityLevel>255</OpacityLevel>
			<LodDistance>16960</LodDistance>
			<IsVisible>true</IsVisible>
			<MaxHealth>1000</MaxHealth>
			<Health>1000</Health>
			<HasGravity>true</HasGravity>
			<IsOnFire>false</IsOnFire>
			<IsInvincible>true</IsInvincible>
			<IsBulletProof>false</IsBulletProof>
			<IsCollisionProof>false</IsCollisionProof>
			<IsExplosionProof>true</IsExplosionProof>
			<IsFireProof>true</IsFireProof>
			<IsMeleeProof>true</IsMeleeProof>
			<IsOnlyDamagedByPlayer>false</IsOnlyDamagedByPlayer>
			<PositionRotation>
				<X>1610.4364</X>
				<Y>3225.43042</Y>
				<Z>52.6964226</Z>
				<Pitch>89.3608093</Pitch>
				<Roll>78.7943878</Roll>
				<Yaw>24.6538277</Yaw>
			</PositionRotation>
			<Attachment isAttached="true">
				<AttachedTo>27138</AttachedTo>
				<BoneIndex>0</BoneIndex>
				<X>11.6000013</X>
				<Y>-6.49999809</Y>
				<Z>12.400013</Z>
				<Pitch>89.9999924</Pitch>
				<Roll>0</Roll>
				<Yaw>0</Yaw>
			</Attachment>
		</Attachment>
		<Attachment>
			<ModelHash>0xda76fe6e</ModelHash>
			<Type>3</Type>
			<Dynamic>false</Dynamic>
			<FrozenPos>true</FrozenPos>
			<HashName>prop_container_01a</HashName>
			<InitialHandle>519523</InitialHandle>
			<ObjectProperties>
				<TextureVariation>0</TextureVariation>
			</ObjectProperties>
			<OpacityLevel>255</OpacityLevel>
			<LodDistance>16960</LodDistance>
			<IsVisible>true</IsVisible>
			<MaxHealth>1000</MaxHealth>
			<Health>1000</Health>
			<HasGravity>true</HasGravity>
			<IsOnFire>false</IsOnFire>
			<IsInvincible>true</IsInvincible>
			<IsBulletProof>false</IsBulletProof>
			<IsCollisionProof>false</IsCollisionProof>
			<IsExplosionProof>true</IsExplosionProof>
			<IsFireProof>true</IsFireProof>
			<IsMeleeProof>true</IsMeleeProof>
			<IsOnlyDamagedByPlayer>false</IsOnlyDamagedByPlayer>
			<PositionRotation>
				<X>1611.62231</X>
				<Y>3220.47046</Y>
				<Z>52.7523117</Z>
				<Pitch>89.3608093</Pitch>
				<Roll>78.7943878</Roll>
				<Yaw>24.6538277</Yaw>
			</PositionRotation>
			<Attachment isAttached="true">
				<AttachedTo>27138</AttachedTo>
				<BoneIndex>0</BoneIndex>
				<X>6.49998951</X>
				<Y>-6.49999809</Y>
				<Z>12.400013</Z>
				<Pitch>89.9999924</Pitch>
				<Roll>0</Roll>
				<Yaw>0</Yaw>
			</Attachment>
		</Attachment>
		<Attachment>
			<ModelHash>0xda76fe6e</ModelHash>
			<Type>3</Type>
			<Dynamic>false</Dynamic>
			<FrozenPos>true</FrozenPos>
			<HashName>prop_container_01a</HashName>
			<InitialHandle>510564</InitialHandle>
			<ObjectProperties>
				<TextureVariation>0</TextureVariation>
			</ObjectProperties>
			<OpacityLevel>255</OpacityLevel>
			<LodDistance>16960</LodDistance>
			<IsVisible>true</IsVisible>
			<MaxHealth>1000</MaxHealth>
			<Health>1000</Health>
			<HasGravity>true</HasGravity>
			<IsOnFire>false</IsOnFire>
			<IsInvincible>true</IsInvincible>
			<IsBulletProof>false</IsBulletProof>
			<IsCollisionProof>false</IsCollisionProof>
			<IsExplosionProof>true</IsExplosionProof>
			<IsFireProof>true</IsFireProof>
			<IsMeleeProof>true</IsMeleeProof>
			<IsOnlyDamagedByPlayer>false</IsOnlyDamagedByPlayer>
			<PositionRotation>
				<X>1611.04102</X>
				<Y>3222.90186</Y>
				<Z>52.7249146</Z>
				<Pitch>89.3608093</Pitch>
				<Roll>78.7943878</Roll>
				<Yaw>24.6538277</Yaw>
			</PositionRotation>
			<Attachment isAttached="true">
				<AttachedTo>27138</AttachedTo>
				<BoneIndex>0</BoneIndex>
				<X>8.99999142</X>
				<Y>-6.49999809</Y>
				<Z>12.400013</Z>
				<Pitch>89.9999924</Pitch>
				<Roll>0</Roll>
				<Yaw>0</Yaw>
			</Attachment>
		</Attachment>
		<Attachment>
			<ModelHash>0x0f848b1e</ModelHash>
			<Type>3</Type>
			<Dynamic>false</Dynamic>
			<FrozenPos>true</FrozenPos>
			<HashName>p_sub_crane_s</HashName>
			<InitialHandle>147049</InitialHandle>
			<ObjectProperties>
				<TextureVariation>0</TextureVariation>
			</ObjectProperties>
			<OpacityLevel>255</OpacityLevel>
			<LodDistance>16960</LodDistance>
			<IsVisible>true</IsVisible>
			<MaxHealth>1000</MaxHealth>
			<Health>1000</Health>
			<HasGravity>true</HasGravity>
			<IsOnFire>false</IsOnFire>
			<IsInvincible>true</IsInvincible>
			<IsBulletProof>false</IsBulletProof>
			<IsCollisionProof>false</IsCollisionProof>
			<IsExplosionProof>true</IsExplosionProof>
			<IsFireProof>true</IsFireProof>
			<IsMeleeProof>true</IsMeleeProof>
			<IsOnlyDamagedByPlayer>false</IsOnlyDamagedByPlayer>
			<PositionRotation>
				<X>1613.72888</X>
				<Y>3223.72314</Y>
				<Z>50.3289413</Z>
				<Pitch>-0.124379128</Pitch>
				<Roll>0.62792021</Roll>
				<Yaw>103.448898</Yaw>
			</PositionRotation>
			<Attachment isAttached="true">
				<AttachedTo>27138</AttachedTo>
				<BoneIndex>0</BoneIndex>
				<X>9.19999886</X>
				<Y>-9.29999924</Y>
				<Z>10.0000019</Z>
				<Pitch>0</Pitch>
				<Roll>0</Roll>
				<Yaw>0</Yaw>
			</Attachment>
		</Attachment>
		<Attachment>
			<ModelHash>0x3b14f8fc</ModelHash>
			<Type>3</Type>
			<Dynamic>false</Dynamic>
			<FrozenPos>true</FrozenPos>
			<HashName>prop_dock_crane_02_cab</HashName>
			<InitialHandle>708115</InitialHandle>
			<ObjectProperties>
				<TextureVariation>0</TextureVariation>
			</ObjectProperties>
			<OpacityLevel>255</OpacityLevel>
			<LodDistance>16960</LodDistance>
			<IsVisible>true</IsVisible>
			<MaxHealth>1000</MaxHealth>
			<Health>1000</Health>
			<HasGravity>true</HasGravity>
			<IsOnFire>false</IsOnFire>
			<IsInvincible>false</IsInvincible>
			<IsBulletProof>false</IsBulletProof>
			<IsCollisionProof>false</IsCollisionProof>
			<IsExplosionProof>false</IsExplosionProof>
			<IsFireProof>false</IsFireProof>
			<IsMeleeProof>false</IsMeleeProof>
			<IsOnlyDamagedByPlayer>false</IsOnlyDamagedByPlayer>
			<PositionRotation>
				<X>1611.17957</X>
				<Y>3215.06152</Y>
				<Z>47.5048294</Z>
				<Pitch>30.4599476</Pitch>
				<Roll>-0.540443957</Roll>
				<Yaw>-21.7710934</Yaw>
			</PositionRotation>
			<Attachment isAttached="true">
				<AttachedTo>27138</AttachedTo>
				<BoneIndex>-1</BoneIndex>
				<X>1.4000001</X>
				<Y>-4.79999781</Y>
				<Z>7.09999561</Z>
				<Pitch>30.9000797</Pitch>
				<Roll>0</Roll>
				<Yaw>-125.495087</Yaw>
			</Attachment>
		</Attachment>
		<Attachment>
			<ModelHash>0xe0545565</ModelHash>
			<Type>3</Type>
			<Dynamic>false</Dynamic>
			<FrozenPos>true</FrozenPos>
			<HashName>prop_tanktrailer_01a</HashName>
			<InitialHandle>275746</InitialHandle>
			<ObjectProperties>
				<TextureVariation>0</TextureVariation>
			</ObjectProperties>
			<OpacityLevel>255</OpacityLevel>
			<LodDistance>16960</LodDistance>
			<IsVisible>true</IsVisible>
			<MaxHealth>1000</MaxHealth>
			<Health>1000</Health>
			<HasGravity>true</HasGravity>
			<IsOnFire>false</IsOnFire>
			<IsInvincible>true</IsInvincible>
			<IsBulletProof>false</IsBulletProof>
			<IsCollisionProof>false</IsCollisionProof>
			<IsExplosionProof>true</IsExplosionProof>
			<IsFireProof>true</IsFireProof>
			<IsMeleeProof>true</IsMeleeProof>
			<IsOnlyDamagedByPlayer>false</IsOnlyDamagedByPlayer>
			<PositionRotation>
				<X>1610.12817</X>
				<Y>3231.4375</Y>
				<Z>53.9340744</Z>
				<Pitch>-0.604527652</Pitch>
				<Roll>0.210478812</Roll>
				<Yaw>43.849659</Yaw>
			</PositionRotation>
			<Attachment isAttached="true">
				<AttachedTo>27138</AttachedTo>
				<BoneIndex>0</BoneIndex>
				<X>17.5000305</X>
				<Y>-7.59999514</Y>
				<Z>13.700016</Z>
				<Pitch>0</Pitch>
				<Roll>0</Roll>
				<Yaw>-59.5996628</Yaw>
			</Attachment>
		</Attachment>
		<Attachment>
			<ModelHash>0xe0545565</ModelHash>
			<Type>3</Type>
			<Dynamic>false</Dynamic>
			<FrozenPos>true</FrozenPos>
			<HashName>prop_tanktrailer_01a</HashName>
			<InitialHandle>544808</InitialHandle>
			<ObjectProperties>
				<TextureVariation>0</TextureVariation>
			</ObjectProperties>
			<OpacityLevel>255</OpacityLevel>
			<LodDistance>16960</LodDistance>
			<IsVisible>true</IsVisible>
			<MaxHealth>1000</MaxHealth>
			<Health>1000</Health>
			<HasGravity>true</HasGravity>
			<IsOnFire>false</IsOnFire>
			<IsInvincible>true</IsInvincible>
			<IsBulletProof>false</IsBulletProof>
			<IsCollisionProof>false</IsCollisionProof>
			<IsExplosionProof>true</IsExplosionProof>
			<IsFireProof>true</IsFireProof>
			<IsMeleeProof>true</IsMeleeProof>
			<IsOnlyDamagedByPlayer>false</IsOnlyDamagedByPlayer>
			<PositionRotation>
				<X>1609.52197</X>
				<Y>3236.91992</Y>
				<Z>60.5760193</Z>
				<Pitch>-84.617691</Pitch>
				<Roll>6.82669353</Roll>
				<Yaw>125.045334</Yaw>
			</PositionRotation>
			<Attachment isAttached="true">
				<AttachedTo>27138</AttachedTo>
				<BoneIndex>0</BoneIndex>
				<X>22.9000511</X>
				<Y>-8.29999542</Y>
				<Z>20.4000416</Z>
				<Pitch>-84.6957092</Pitch>
				<Roll>0</Roll>
				<Yaw>14.8000221</Yaw>
			</Attachment>
		</Attachment>
		<Attachment>
			<ModelHash>0x03a09eb8</ModelHash>
			<Type>3</Type>
			<Dynamic>false</Dynamic>
			<FrozenPos>true</FrozenPos>
			<HashName>prop_towercrane_01a</HashName>
			<InitialHandle>102247</InitialHandle>
			<ObjectProperties>
				<TextureVariation>0</TextureVariation>
			</ObjectProperties>
			<OpacityLevel>255</OpacityLevel>
			<LodDistance>16960</LodDistance>
			<IsVisible>true</IsVisible>
			<MaxHealth>1000</MaxHealth>
			<Health>1000</Health>
			<HasGravity>true</HasGravity>
			<IsOnFire>false</IsOnFire>
			<IsInvincible>true</IsInvincible>
			<IsBulletProof>false</IsBulletProof>
			<IsCollisionProof>false</IsCollisionProof>
			<IsExplosionProof>true</IsExplosionProof>
			<IsFireProof>true</IsFireProof>
			<IsMeleeProof>true</IsMeleeProof>
			<IsOnlyDamagedByPlayer>false</IsOnlyDamagedByPlayer>
			<PositionRotation>
				<X>1607.35901</X>
				<Y>3235.70923</Y>
				<Z>53.7777863</Z>
				<Pitch>-0.124379128</Pitch>
				<Roll>0.62792021</Roll>
				<Yaw>103.448898</Yaw>
			</PositionRotation>
			<Attachment isAttached="true">
				<AttachedTo>27138</AttachedTo>
				<BoneIndex>0</BoneIndex>
				<X>22.3000488</X>
				<Y>-5.89999676</Y>
				<Z>13.6000156</Z>
				<Pitch>0</Pitch>
				<Roll>0</Roll>
				<Yaw>0</Yaw>
			</Attachment>
		</Attachment>
		<Attachment>
			<ModelHash>0xe0545565</ModelHash>
			<Type>3</Type>
			<Dynamic>false</Dynamic>
			<FrozenPos>true</FrozenPos>
			<HashName>prop_tanktrailer_01a</HashName>
			<InitialHandle>55150</InitialHandle>
			<ObjectProperties>
				<TextureVariation>0</TextureVariation>
			</ObjectProperties>
			<OpacityLevel>255</OpacityLevel>
			<LodDistance>16960</LodDistance>
			<IsVisible>true</IsVisible>
			<MaxHealth>1000</MaxHealth>
			<Health>1000</Health>
			<HasGravity>true</HasGravity>
			<IsOnFire>false</IsOnFire>
			<IsInvincible>true</IsInvincible>
			<IsBulletProof>false</IsBulletProof>
			<IsCollisionProof>false</IsCollisionProof>
			<IsExplosionProof>true</IsExplosionProof>
			<IsFireProof>true</IsFireProof>
			<IsMeleeProof>true</IsMeleeProof>
			<IsOnlyDamagedByPlayer>false</IsOnlyDamagedByPlayer>
			<PositionRotation>
				<X>1612.50879</X>
				<Y>3217.1438</Y>
				<Z>58.0905609</Z>
				<Pitch>30.1680107</Pitch>
				<Roll>0.713835955</Roll>
				<Yaw>129.690552</Yaw>
			</PositionRotation>
			<Attachment isAttached="true">
				<AttachedTo>27138</AttachedTo>
				<BoneIndex>0</BoneIndex>
				<X>2.99999857</X>
				<Y>-6.59999514</Y>
				<Z>17.700016</Z>
				<Pitch>29.9999962</Pitch>
				<Roll>0</Roll>
				<Yaw>26.6001587</Yaw>
			</Attachment>
		</Attachment>
		<Attachment>
			<ModelHash>0xe0545565</ModelHash>
			<Type>3</Type>
			<Dynamic>false</Dynamic>
			<FrozenPos>true</FrozenPos>
			<HashName>prop_tanktrailer_01a</HashName>
			<InitialHandle>698733</InitialHandle>
			<ObjectProperties>
				<TextureVariation>0</TextureVariation>
			</ObjectProperties>
			<OpacityLevel>255</OpacityLevel>
			<LodDistance>16960</LodDistance>
			<IsVisible>true</IsVisible>
			<MaxHealth>1000</MaxHealth>
			<Health>1000</Health>
			<HasGravity>true</HasGravity>
			<IsOnFire>false</IsOnFire>
			<IsInvincible>true</IsInvincible>
			<IsBulletProof>false</IsBulletProof>
			<IsCollisionProof>false</IsCollisionProof>
			<IsExplosionProof>true</IsExplosionProof>
			<IsFireProof>true</IsFireProof>
			<IsMeleeProof>true</IsMeleeProof>
			<IsOnlyDamagedByPlayer>false</IsOnlyDamagedByPlayer>
			<PositionRotation>
				<X>1604.59546</X>
				<Y>3214.96216</Y>
				<Z>59.7759476</Z>
				<Pitch>-6.56626081</Pitch>
				<Roll>2.88584065</Roll>
				<Yaw>90.1139297</Yaw>
			</PositionRotation>
			<Attachment isAttached="true">
				<AttachedTo>27138</AttachedTo>
				<BoneIndex>0</BoneIndex>
				<X>2.69999886</X>
				<Y>1.6000011</Y>
				<Z>19.4000225</Z>
				<Pitch>-6.30007887</Pitch>
				<Roll>2.29999995</Roll>
				<Yaw>-13.3999224</Yaw>
			</Attachment>
		</Attachment>
		<Attachment>
			<ModelHash>0x4555234c</ModelHash>
			<Type>3</Type>
			<Dynamic>false</Dynamic>
			<FrozenPos>true</FrozenPos>
			<HashName>prop_towercrane_02d</HashName>
			<InitialHandle>358269</InitialHandle>
			<ObjectProperties>
				<TextureVariation>0</TextureVariation>
			</ObjectProperties>
			<OpacityLevel>255</OpacityLevel>
			<LodDistance>16960</LodDistance>
			<IsVisible>true</IsVisible>
			<MaxHealth>1000</MaxHealth>
			<Health>1000</Health>
			<HasGravity>true</HasGravity>
			<IsOnFire>false</IsOnFire>
			<IsInvincible>true</IsInvincible>
			<IsBulletProof>false</IsBulletProof>
			<IsCollisionProof>false</IsCollisionProof>
			<IsExplosionProof>true</IsExplosionProof>
			<IsFireProof>true</IsFireProof>
			<IsMeleeProof>true</IsMeleeProof>
			<IsOnlyDamagedByPlayer>false</IsOnlyDamagedByPlayer>
			<PositionRotation>
				<X>1605.74268</X>
				<Y>3215.75269</Y>
				<Z>59.9732895</Z>
				<Pitch>-10.0891609</Pitch>
				<Roll>0.579798102</Roll>
				<Yaw>87.8483276</Yaw>
			</PositionRotation>
			<Attachment isAttached="true">
				<AttachedTo>27138</AttachedTo>
				<BoneIndex>0</BoneIndex>
				<X>3.19999909</X>
				<Y>0.299999982</Y>
				<Z>19.6000385</Z>
				<Pitch>-9.80000114</Pitch>
				<Roll>0</Roll>
				<Yaw>-15.7000237</Yaw>
			</Attachment>
		</Attachment>
		<Attachment>
			<ModelHash>0x3b14f8fc</ModelHash>
			<Type>3</Type>
			<Dynamic>false</Dynamic>
			<FrozenPos>true</FrozenPos>
			<HashName>prop_dock_crane_02_cab</HashName>
			<InitialHandle>332297</InitialHandle>
			<ObjectProperties>
				<TextureVariation>0</TextureVariation>
			</ObjectProperties>
			<OpacityLevel>255</OpacityLevel>
			<LodDistance>16960</LodDistance>
			<IsVisible>true</IsVisible>
			<MaxHealth>1000</MaxHealth>
			<Health>1000</Health>
			<HasGravity>true</HasGravity>
			<IsOnFire>false</IsOnFire>
			<IsInvincible>true</IsInvincible>
			<IsBulletProof>false</IsBulletProof>
			<IsCollisionProof>false</IsCollisionProof>
			<IsExplosionProof>true</IsExplosionProof>
			<IsFireProof>true</IsFireProof>
			<IsMeleeProof>true</IsMeleeProof>
			<IsOnlyDamagedByPlayer>false</IsOnlyDamagedByPlayer>
			<PositionRotation>
				<X>1618.07776</X>
				<Y>3223.56543</Y>
				<Z>53.5510216</Z>
				<Pitch>-88.9029922</Pitch>
				<Roll>-35.2223244</Roll>
				<Yaw>-109.167732</Yaw>
			</PositionRotation>
			<Attachment isAttached="true">
				<AttachedTo>27138</AttachedTo>
				<BoneIndex>0</BoneIndex>
				<X>7.99999475</X>
				<Y>-13.5000153</Y>
				<Z>13.2000141</Z>
				<Pitch>-89.1992111</Pitch>
				<Roll>0</Roll>
				<Yaw>-177.398056</Yaw>
			</Attachment>
		</Attachment>
		<Attachment>
			<ModelHash>0x5732edcc</ModelHash>
			<Type>3</Type>
			<Dynamic>false</Dynamic>
			<FrozenPos>true</FrozenPos>
			<HashName>prop_roadheader_01</HashName>
			<InitialHandle>736315</InitialHandle>
			<ObjectProperties>
				<TextureVariation>0</TextureVariation>
			</ObjectProperties>
			<OpacityLevel>255</OpacityLevel>
			<LodDistance>16960</LodDistance>
			<IsVisible>true</IsVisible>
			<MaxHealth>1000</MaxHealth>
			<Health>1000</Health>
			<HasGravity>true</HasGravity>
			<IsOnFire>false</IsOnFire>
			<IsInvincible>true</IsInvincible>
			<IsBulletProof>false</IsBulletProof>
			<IsCollisionProof>false</IsCollisionProof>
			<IsExplosionProof>true</IsExplosionProof>
			<IsFireProof>true</IsFireProof>
			<IsMeleeProof>true</IsMeleeProof>
			<IsOnlyDamagedByPlayer>false</IsOnlyDamagedByPlayer>
			<PositionRotation>
				<X>1610.28052</X>
				<Y>3223.00562</Y>
				<Z>59.8207855</Z>
				<Pitch>-5.83499861</Pitch>
				<Roll>179.378189</Roll>
				<Yaw>-80.3158646</Yaw>
			</PositionRotation>
			<Attachment isAttached="true">
				<AttachedTo>27138</AttachedTo>
				<BoneIndex>0</BoneIndex>
				<X>9.2000103</X>
				<Y>-5.79999924</Y>
				<Z>19.5000381</Z>
				<Pitch>-174.000015</Pitch>
				<Roll>0</Roll>
				<Yaw>-3.69998169</Yaw>
			</Attachment>
		</Attachment>
		<Attachment>
			<ModelHash>0x8973a868</ModelHash>
			<Type>3</Type>
			<Dynamic>false</Dynamic>
			<FrozenPos>true</FrozenPos>
			<HashName>prop_air_bigradar</HashName>
			<InitialHandle>24402</InitialHandle>
			<ObjectProperties>
				<TextureVariation>0</TextureVariation>
			</ObjectProperties>
			<OpacityLevel>255</OpacityLevel>
			<LodDistance>16960</LodDistance>
			<IsVisible>true</IsVisible>
			<MaxHealth>1000</MaxHealth>
			<Health>1000</Health>
			<HasGravity>true</HasGravity>
			<IsOnFire>false</IsOnFire>
			<IsInvincible>true</IsInvincible>
			<IsBulletProof>false</IsBulletProof>
			<IsCollisionProof>false</IsCollisionProof>
			<IsExplosionProof>true</IsExplosionProof>
			<IsFireProof>true</IsFireProof>
			<IsMeleeProof>true</IsMeleeProof>
			<IsOnlyDamagedByPlayer>false</IsOnlyDamagedByPlayer>
			<PositionRotation>
				<X>1584.38123</X>
				<Y>3216.92847</Y>
				<Z>60.9618759</Z>
				<Pitch>-0.124379128</Pitch>
				<Roll>0.62792021</Roll>
				<Yaw>103.448898</Yaw>
			</PositionRotation>
			<Attachment isAttached="true">
				<AttachedTo>27138</AttachedTo>
				<BoneIndex>0</BoneIndex>
				<X>9.29999924</X>
				<Y>20.8000431</Y>
				<Z>20.7000427</Z>
				<Pitch>0</Pitch>
				<Roll>0</Roll>
				<Yaw>0</Yaw>
			</Attachment>
		</Attachment>
		<Attachment>
			<ModelHash>0x8973a868</ModelHash>
			<Type>3</Type>
			<Dynamic>false</Dynamic>
			<FrozenPos>true</FrozenPos>
			<HashName>prop_air_bigradar</HashName>
			<InitialHandle>538967</InitialHandle>
			<ObjectProperties>
				<TextureVariation>0</TextureVariation>
			</ObjectProperties>
			<OpacityLevel>255</OpacityLevel>
			<LodDistance>16960</LodDistance>
			<IsVisible>true</IsVisible>
			<MaxHealth>1000</MaxHealth>
			<Health>1000</Health>
			<HasGravity>true</HasGravity>
			<IsOnFire>false</IsOnFire>
			<IsInvincible>true</IsInvincible>
			<IsBulletProof>false</IsBulletProof>
			<IsCollisionProof>false</IsCollisionProof>
			<IsExplosionProof>true</IsExplosionProof>
			<IsFireProof>true</IsFireProof>
			<IsMeleeProof>true</IsMeleeProof>
			<IsOnlyDamagedByPlayer>false</IsOnlyDamagedByPlayer>
			<PositionRotation>
				<X>1645.30005</X>
				<Y>3231.64526</Y>
				<Z>74.2971725</Z>
				<Pitch>60.2692299</Pitch>
				<Roll>1.26623511</Roll>
				<Yaw>102.347931</Yaw>
			</PositionRotation>
			<Attachment isAttached="true">
				<AttachedTo>27138</AttachedTo>
				<BoneIndex>0</BoneIndex>
				<X>9.30000019</X>
				<Y>-41.8999329</Y>
				<Z>33.9000549</Z>
				<Pitch>60.3996506</Pitch>
				<Roll>0</Roll>
				<Yaw>0</Yaw>
			</Attachment>
		</Attachment>
	</SpoonerAttachments>
</Vehicle>
