<?xml version="1.0" encoding="ISO-8859-1"?>
<OutfitPedData>
	<ClearDecalOverlays>true</ClearDecalOverlays>
	<ModelHash>0x705e61f2</ModelHash>
	<Type>1</Type>
	<Dynamic>true</Dynamic>
	<FrozenPos>false</FrozenPos>
	<HashName>0x705e61f2</HashName>
	<InitialHandle>82556</InitialHandle>
	<PedProperties>
		<IsStill>false</IsStill>
		<CanRagdoll>true</CanRagdoll>
		<HasShortHeight>false</HasShortHeight>
		<Armour>0</Armour>
		<CurrentWeapon>0xa2719263</CurrentWeapon>
		<PedProps>
			<_0>142,0</_0>
			<_1>24,2</_1>
			<_2>-1,-1</_2>
			<_3>-1,-1</_3>
			<_4>-1,-1</_4>
			<_5>-1,-1</_5>
			<_6>-1,-1</_6>
			<_7>-1,-1</_7>
			<_8>-1,-1</_8>
			<_9>-1,-1</_9>
		</PedProps>
		<PedComps>
			<_0>0,0</_0>
			<_1>169,0</_1>
			<_2>68,0</_2>
			<_3>96,0</_3>
			<_4>24,0</_4>
			<_5>81,0</_5>
			<_6>10,0</_6>
			<_7>112,2</_7>
			<_8>75,3</_8>
			<_9>19,9</_9>
			<_10>0,0</_10>
			<_11>142,0</_11>
		</PedComps>
		<HeadFeatures WasInArray="false">
			<ShapeAndSkinTone>
				<ShapeFatherId>0</ShapeFatherId>
				<ShapeMotherId>0</ShapeMotherId>
				<ShapeOverrideId>0</ShapeOverrideId>
				<ToneFatherId>38</ToneFatherId>
				<ToneMotherId>20</ToneMotherId>
				<ToneOverrideId>0</ToneOverrideId>
				<ShapeVal>0</ShapeVal>
				<ToneVal>1</ToneVal>
				<OverrideVal>0</OverrideVal>
				<IsP>0</IsP>
			</ShapeAndSkinTone>
		</HeadFeatures>
		<TattooLogoDecals />
		<RelationshipGroupAltered>false</RelationshipGroupAltered>
		<RelationshipGroup>0x3933433b</RelationshipGroup>
		<ScenarioActive>false</ScenarioActive>
		<AnimActive>false</AnimActive>
	</PedProperties>
	<OpacityLevel>255</OpacityLevel>
	<LodDistance>240</LodDistance>
	<IsVisible>true</IsVisible>
	<MaxHealth>200</MaxHealth>
	<Health>200</Health>
	<HasGravity>true</HasGravity>
	<IsOnFire>false</IsOnFire>
	<IsInvincible>false</IsInvincible>
	<IsBulletProof>false</IsBulletProof>
	<IsCollisionProof>false</IsCollisionProof>
	<IsExplosionProof>false</IsExplosionProof>
	<IsFireProof>false</IsFireProof>
	<IsMeleeProof>false</IsMeleeProof>
	<IsOnlyDamagedByPlayer>false</IsOnlyDamagedByPlayer>
	<PositionRotation>
		<X>-1372.32043</X>
		<Y>-3025.08301</Y>
		<Z>13.951704</Z>
		<Pitch>0</Pitch>
		<Roll>-0</Roll>
		<Yaw>143.313293</Yaw>
	</PositionRotation>
	<Attachment isAttached="false" />
	<SpoonerAttachments SetAttachmentsPersistentAndAddToSpoonerDatabase="false" StartTaskSequencesOnLoad="true">
		<Attachment>
			<ModelHash>0xe60466f4</ModelHash>
			<Type>3</Type>
			<Dynamic>false</Dynamic>
			<FrozenPos>true</FrozenPos>
			<HashName>prop_tv_05</HashName>
			<InitialHandle>261756</InitialHandle>
			<ObjectProperties>
				<TextureVariation>0</TextureVariation>
			</ObjectProperties>
			<PtfxLopAsset>scr_paletoscore</PtfxLopAsset>
			<PtfxLopEffect>scr_paleto_banknotes</PtfxLopEffect>
			<OpacityLevel>255</OpacityLevel>
			<LodDistance>16960</LodDistance>
			<IsVisible>true</IsVisible>
			<MaxHealth>1000</MaxHealth>
			<Health>1000</Health>
			<HasGravity>true</HasGravity>
			<IsOnFire>false</IsOnFire>
			<IsInvincible>true</IsInvincible>
			<IsBulletProof>false</IsBulletProof>
			<IsCollisionProof>true</IsCollisionProof>
			<IsExplosionProof>true</IsExplosionProof>
			<IsFireProof>true</IsFireProof>
			<IsMeleeProof>true</IsMeleeProof>
			<IsOnlyDamagedByPlayer>false</IsOnlyDamagedByPlayer>
			<PositionRotation>
				<X>-1372.33667</X>
				<Y>-3025.02148</Y>
				<Z>14.6154604</Z>
				<Pitch>0.897162795</Pitch>
				<Roll>-7.14999628</Roll>
				<Yaw>-126.818489</Yaw>
			</PositionRotation>
			<Attachment isAttached="true">
				<AttachedTo>82556</AttachedTo>
				<BoneIndex>98</BoneIndex>
				<X>0.0400000066</X>
				<Y>0.0429999828</Y>
				<Z>-0.0199999996</Z>
				<Pitch>179.999985</Pitch>
				<Roll>89.9999924</Roll>
				<Yaw>0</Yaw>
			</Attachment>
		</Attachment>
		<Attachment>
			<ModelHash>0xe60466f4</ModelHash>
			<Type>3</Type>
			<Dynamic>false</Dynamic>
			<FrozenPos>true</FrozenPos>
			<HashName>prop_tv_05</HashName>
			<InitialHandle>53628</InitialHandle>
			<ObjectProperties>
				<TextureVariation>0</TextureVariation>
			</ObjectProperties>
			<PtfxLopAsset>scr_paletoscore</PtfxLopAsset>
			<PtfxLopEffect>scr_paleto_banknotes</PtfxLopEffect>
			<OpacityLevel>255</OpacityLevel>
			<LodDistance>16960</LodDistance>
			<IsVisible>true</IsVisible>
			<MaxHealth>1000</MaxHealth>
			<Health>1000</Health>
			<HasGravity>true</HasGravity>
			<IsOnFire>false</IsOnFire>
			<IsInvincible>true</IsInvincible>
			<IsBulletProof>false</IsBulletProof>
			<IsCollisionProof>true</IsCollisionProof>
			<IsExplosionProof>true</IsExplosionProof>
			<IsFireProof>true</IsFireProof>
			<IsMeleeProof>true</IsMeleeProof>
			<IsOnlyDamagedByPlayer>false</IsOnlyDamagedByPlayer>
			<PositionRotation>
				<X>-1372.25256</X>
				<Y>-3025.08423</Y>
				<Z>14.6171045</Z>
				<Pitch>0.897162795</Pitch>
				<Roll>-7.14999628</Roll>
				<Yaw>-126.818489</Yaw>
			</PositionRotation>
			<Attachment isAttached="true">
				<AttachedTo>82556</AttachedTo>
				<BoneIndex>98</BoneIndex>
				<X>0.0400000103</X>
				<Y>-0.0619999506</Y>
				<Z>-0.0199999996</Z>
				<Pitch>179.999985</Pitch>
				<Roll>89.9999924</Roll>
				<Yaw>0</Yaw>
			</Attachment>
		</Attachment>
		<Attachment>
			<ModelHash>0xd469d33a</ModelHash>
			<Type>3</Type>
			<Dynamic>false</Dynamic>
			<FrozenPos>true</FrozenPos>
			<HashName>v_res_d_dildo_b</HashName>
			<InitialHandle>54652</InitialHandle>
			<ObjectProperties>
				<TextureVariation>0</TextureVariation>
			</ObjectProperties>
			<OpacityLevel>255</OpacityLevel>
			<LodDistance>16960</LodDistance>
			<IsVisible>true</IsVisible>
			<MaxHealth>1000</MaxHealth>
			<Health>1000</Health>
			<HasGravity>true</HasGravity>
			<IsOnFire>false</IsOnFire>
			<IsInvincible>true</IsInvincible>
			<IsBulletProof>false</IsBulletProof>
			<IsCollisionProof>true</IsCollisionProof>
			<IsExplosionProof>true</IsExplosionProof>
			<IsFireProof>true</IsFireProof>
			<IsMeleeProof>true</IsMeleeProof>
			<IsOnlyDamagedByPlayer>false</IsOnlyDamagedByPlayer>
			<PositionRotation>
				<X>-1372.24194</X>
				<Y>-3025.50415</Y>
				<Z>13.8079443</Z>
				<Pitch>56.2122078</Pitch>
				<Roll>-30.6868286</Roll>
				<Yaw>-35.2237396</Yaw>
			</PositionRotation>
			<Attachment isAttached="true">
				<AttachedTo>82556</AttachedTo>
				<BoneIndex>42</BoneIndex>
				<X>0.130000398</X>
				<Y>-0.0500000045</Y>
				<Z>0.0400000066</Z>
				<Pitch>3.24249268e-05</Pitch>
				<Roll>110</Roll>
				<Yaw>90.0000305</Yaw>
			</Attachment>
		</Attachment>
	</SpoonerAttachments>
</OutfitPedData>
