<?xml version="1.0" encoding="ISO-8859-1"?>
<OutfitPedData>
	<ClearDecalOverlays>true</ClearDecalOverlays>
	<ModelHash>0x705e61f2</ModelHash>
	<Type>1</Type>
	<Dynamic>true</Dynamic>
	<FrozenPos>false</FrozenPos>
	<HashName>0x705e61f2</HashName>
	<InitialHandle>110595</InitialHandle>
	<PedProperties>
		<IsStill>false</IsStill>
		<CanRagdoll>true</CanRagdoll>
		<HasShortHeight>false</HasShortHeight>
		<Armour>0</Armour>
		<CurrentWeapon>0x440e4788</CurrentWeapon>
		<PedProps>
			<_0>-1,-1</_0>
			<_1>-1,-1</_1>
			<_2>-1,-1</_2>
			<_3>-1,-1</_3>
			<_4>-1,-1</_4>
			<_5>-1,-1</_5>
			<_6>-1,-1</_6>
			<_7>-1,-1</_7>
			<_8>-1,-1</_8>
			<_9>-1,-1</_9>
		</PedProps>
		<PedComps>
			<_0>0,0</_0>
			<_1>134,8</_1>
			<_2>37,0</_2>
			<_3>3,0</_3>
			<_4>106,8</_4>
			<_5>0,0</_5>
			<_6>83,8</_6>
			<_7>0,0</_7>
			<_8>15,0</_8>
			<_9>0,0</_9>
			<_10>0,0</_10>
			<_11>274,8</_11>
		</PedComps>
		<HeadFeatures WasInArray="false">
			<ShapeAndSkinTone>
				<ShapeFatherId>0</ShapeFatherId>
				<ShapeMotherId>0</ShapeMotherId>
				<ShapeOverrideId>0</ShapeOverrideId>
				<ToneFatherId>24</ToneFatherId>
				<ToneMotherId>14</ToneMotherId>
				<ToneOverrideId>0</ToneOverrideId>
				<ShapeVal>0</ShapeVal>
				<ToneVal>0</ToneVal>
				<OverrideVal>0</OverrideVal>
				<IsP>0</IsP>
			</ShapeAndSkinTone>
		</HeadFeatures>
		<TattooLogoDecals />
		<RelationshipGroupAltered>false</RelationshipGroupAltered>
		<RelationshipGroup>0x277c8b08</RelationshipGroup>
		<ScenarioActive>false</ScenarioActive>
		<AnimActive>false</AnimActive>
	</PedProperties>
	<OpacityLevel>255</OpacityLevel>
	<LodDistance>240</LodDistance>
	<IsVisible>true</IsVisible>
	<MaxHealth>328</MaxHealth>
	<Health>251</Health>
	<HasGravity>true</HasGravity>
	<IsOnFire>false</IsOnFire>
	<IsInvincible>false</IsInvincible>
	<IsBulletProof>true</IsBulletProof>
	<IsCollisionProof>false</IsCollisionProof>
	<IsExplosionProof>true</IsExplosionProof>
	<IsFireProof>true</IsFireProof>
	<IsMeleeProof>true</IsMeleeProof>
	<IsOnlyDamagedByPlayer>false</IsOnlyDamagedByPlayer>
	<PositionRotation>
		<X>-1209.24268</X>
		<Y>-782.612122</Y>
		<Z>17.1841755</Z>
		<Pitch>-1.69483329e-07</Pitch>
		<Roll>-8.18712875e-10</Roll>
		<Yaw>-122.045723</Yaw>
	</PositionRotation>
	<Attachment isAttached="false" />
	<SpoonerAttachments SetAttachmentsPersistentAndAddToSpoonerDatabase="false" StartTaskSequencesOnLoad="true">
		<Attachment>
			<ModelHash>0xc6204920</ModelHash>
			<Type>3</Type>
			<Dynamic>false</Dynamic>
			<FrozenPos>true</FrozenPos>
			<HashName>ba_prop_battle_glowstick_01</HashName>
			<InitialHandle>99866</InitialHandle>
			<ObjectProperties>
				<TextureVariation>2</TextureVariation>
			</ObjectProperties>
			<OpacityLevel>255</OpacityLevel>
			<LodDistance>16960</LodDistance>
			<IsVisible>true</IsVisible>
			<MaxHealth>1000</MaxHealth>
			<Health>1000</Health>
			<HasGravity>true</HasGravity>
			<IsOnFire>false</IsOnFire>
			<IsInvincible>true</IsInvincible>
			<IsBulletProof>false</IsBulletProof>
			<IsCollisionProof>true</IsCollisionProof>
			<IsExplosionProof>true</IsExplosionProof>
			<IsFireProof>true</IsFireProof>
			<IsMeleeProof>true</IsMeleeProof>
			<IsOnlyDamagedByPlayer>false</IsOnlyDamagedByPlayer>
			<PositionRotation>
				<X>-1208.97217</X>
				<Y>-782.69397</Y>
				<Z>17.3893471</Z>
				<Pitch>-36.9652557</Pitch>
				<Roll>38.7315483</Roll>
				<Yaw>6.37788057</Yaw>
			</PositionRotation>
			<Attachment isAttached="true">
				<AttachedTo>110595</AttachedTo>
				<BoneIndex>90</BoneIndex>
				<X>0.0999999866</X>
				<Y>0.270000041</Y>
				<Z>0.0599999949</Z>
				<Pitch>-77.9999924</Pitch>
				<Roll>-23.9999962</Roll>
				<Yaw>-34.7800331</Yaw>
			</Attachment>
		</Attachment>
		<Attachment>
			<ModelHash>0xc6204920</ModelHash>
			<Type>3</Type>
			<Dynamic>false</Dynamic>
			<FrozenPos>true</FrozenPos>
			<HashName>ba_prop_battle_glowstick_01</HashName>
			<InitialHandle>473114</InitialHandle>
			<ObjectProperties>
				<TextureVariation>2</TextureVariation>
			</ObjectProperties>
			<OpacityLevel>255</OpacityLevel>
			<LodDistance>16960</LodDistance>
			<IsVisible>true</IsVisible>
			<MaxHealth>1000</MaxHealth>
			<Health>1000</Health>
			<HasGravity>true</HasGravity>
			<IsOnFire>false</IsOnFire>
			<IsInvincible>true</IsInvincible>
			<IsBulletProof>false</IsBulletProof>
			<IsCollisionProof>true</IsCollisionProof>
			<IsExplosionProof>true</IsExplosionProof>
			<IsFireProof>true</IsFireProof>
			<IsMeleeProof>true</IsMeleeProof>
			<IsOnlyDamagedByPlayer>false</IsOnlyDamagedByPlayer>
			<PositionRotation>
				<X>-1208.81677</X>
				<Y>-782.549255</Y>
				<Z>17.5551414</Z>
				<Pitch>-36.9652557</Pitch>
				<Roll>38.7315483</Roll>
				<Yaw>6.37788057</Yaw>
			</PositionRotation>
			<Attachment isAttached="true">
				<AttachedTo>110595</AttachedTo>
				<BoneIndex>90</BoneIndex>
				<X>0.149999961</X>
				<Y>0.529999971</Y>
				<Z>0.109999985</Z>
				<Pitch>-77.9999924</Pitch>
				<Roll>-23.9999962</Roll>
				<Yaw>-34.7800331</Yaw>
			</Attachment>
		</Attachment>
	</SpoonerAttachments>
</OutfitPedData>
