<?xml version="1.0" encoding="ISO-8859-1"?>
<Vehicle menyoo_ver="0.9998751b">
	<ModelHash>0xa7ce1bc5</ModelHash>
	<InitialHandle>136750</InitialHandle>
	<VehicleProperties>
		<Colours>
			<Primary>126</Primary>
			<Secondary>13</Secondary>
			<Pearl>3</Pearl>
			<Rim>0</Rim>
			<Mod1_a>6</Mod1_a>
			<Mod1_b>-1</Mod1_b>
			<Mod1_c>-1</Mod1_c>
			<Mod2_a>6</Mod2_a>
			<Mod2_b>-1</Mod2_b>
			<IsPrimaryColourCustom>false</IsPrimaryColourCustom>
			<IsSecondaryColourCustom>false</IsSecondaryColourCustom>
			<tyreSmoke_R>255</tyreSmoke_R>
			<tyreSmoke_G>255</tyreSmoke_G>
			<tyreSmoke_B>255</tyreSmoke_B>
			<LrInterior>0</LrInterior>
			<LrDashboard>0</LrDashboard>
		</Colours>
		<Livery>-1</Livery>
		<NumberPlateText>88ICV591</NumberPlateText>
		<NumberPlateIndex>0</NumberPlateIndex>
		<WheelType>4</WheelType>
		<WheelsInvisible>false</WheelsInvisible>
		<EngineSoundName>DUNE2</EngineSoundName>
		<WindowTint>1</WindowTint>
		<BulletProofTyres>true</BulletProofTyres>
		<DirtLevel>2.28478694</DirtLevel>
		<PaintFade>0.298039228</PaintFade>
		<RoofState>0</RoofState>
		<SirenActive>false</SirenActive>
		<EngineOn>true</EngineOn>
		<EngineHealth>2000</EngineHealth>
		<LightsOn>true</LightsOn>
		<IsRadioLoud>1</IsRadioLoud>
		<LockStatus>1</LockStatus>
		<Neons>
			<Left>false</Left>
			<Right>false</Right>
			<Front>false</Front>
			<Back>false</Back>
			<R>255</R>
			<G>0</G>
			<B>255</B>
		</Neons>
		<ModExtras />
		<Mods>
			<_0>-1,0</_0>
			<_1>1,0</_1>
			<_2>1,0</_2>
			<_3>-1,0</_3>
			<_4>-1,0</_4>
			<_5>0,0</_5>
			<_6>-1,0</_6>
			<_7>-1,0</_7>
			<_8>-1,0</_8>
			<_9>-1,0</_9>
			<_10>2,0</_10>
			<_11>3,0</_11>
			<_12>2,0</_12>
			<_13>2,0</_13>
			<_14>44,0</_14>
			<_15>4,0</_15>
			<_16>4,0</_16>
			<_17>false</_17>
			<_18>true</_18>
			<_19>false</_19>
			<_20>true</_20>
			<_21>false</_21>
			<_22>true</_22>
			<_23>19,0</_23>
			<_24>-1,0</_24>
			<_25>-1,0</_25>
			<_26>-1,0</_26>
			<_27>-1,0</_27>
			<_28>-1,0</_28>
			<_29>-1,0</_29>
			<_30>-1,0</_30>
			<_31>-1,0</_31>
			<_32>-1,0</_32>
			<_33>-1,0</_33>
			<_34>-1,0</_34>
			<_35>-1,0</_35>
			<_36>-1,0</_36>
			<_37>-1,0</_37>
			<_38>-1,0</_38>
			<_39>-1,0</_39>
			<_40>-1,0</_40>
			<_41>-1,0</_41>
			<_42>-1,0</_42>
			<_43>-1,0</_43>
			<_44>-1,0</_44>
			<_45>-1,0</_45>
			<_46>-1,0</_46>
			<_47>-1,0</_47>
			<_48>-1,0</_48>
		</Mods>
		<DoorsOpen>
			<BackLeftDoor>false</BackLeftDoor>
			<BackRightDoor>false</BackRightDoor>
			<FrontLeftDoor>false</FrontLeftDoor>
			<FrontRightDoor>false</FrontRightDoor>
			<Hood>false</Hood>
			<Trunk>false</Trunk>
			<Trunk2>false</Trunk2>
		</DoorsOpen>
		<DoorsBroken>
			<BackLeftDoor>false</BackLeftDoor>
			<BackRightDoor>false</BackRightDoor>
			<FrontLeftDoor>false</FrontLeftDoor>
			<FrontRightDoor>false</FrontRightDoor>
			<Hood>false</Hood>
			<Trunk>false</Trunk>
			<Trunk2>false</Trunk2>
		</DoorsBroken>
		<TyresBursted>
			<FrontLeft>false</FrontLeft>
			<FrontRight>false</FrontRight>
			<_2>false</_2>
			<_3>false</_3>
			<BackLeft>false</BackLeft>
			<BackRight>false</BackRight>
			<_6>false</_6>
			<_7>false</_7>
			<_8>false</_8>
		</TyresBursted>
		<RpmMultiplier>1</RpmMultiplier>
		<TorqueMultiplier>1</TorqueMultiplier>
		<HeadlightIntensity>1</HeadlightIntensity>
	</VehicleProperties>
	<OpacityLevel>255</OpacityLevel>
	<LodDistance>16960</LodDistance>
	<IsVisible>false</IsVisible>
	<IsDriverVisible>true</IsDriverVisible>
	<MaxHealth>1000</MaxHealth>
	<Health>1000</Health>
	<HasGravity>true</HasGravity>
	<IsOnFire>false</IsOnFire>
	<IsInvincible>true</IsInvincible>
	<IsBulletProof>true</IsBulletProof>
	<IsExplosionProof>true</IsExplosionProof>
	<IsFireProof>false</IsFireProof>
	<IsMeleeProof>true</IsMeleeProof>
	<IsOnlyDamagedByPlayer>false</IsOnlyDamagedByPlayer>
	<SpoonerAttachments SetAttachmentsPersistentAndAddToSpoonerDatabase="true" StartTaskSequencesOnLoad="true">
		<Attachment>
			<ModelHash>0x1fd824af</ModelHash>
			<Type>2</Type>
			<Dynamic>true</Dynamic>
			<FrozenPos>false</FrozenPos>
			<HashName>Space Docker</HashName>
			<InitialHandle>93711</InitialHandle>
			<VehicleProperties>
				<Colours>
					<Primary>132</Primary>
					<Secondary>132</Secondary>
					<Pearl>0</Pearl>
					<Rim>0</Rim>
					<Mod1_a>2</Mod1_a>
					<Mod1_b>0</Mod1_b>
					<Mod1_c>472575632</Mod1_c>
					<Mod2_a>472575664</Mod2_a>
					<Mod2_b>49</Mod2_b>
					<IsPrimaryColourCustom>false</IsPrimaryColourCustom>
					<IsSecondaryColourCustom>false</IsSecondaryColourCustom>
					<tyreSmoke_R>255</tyreSmoke_R>
					<tyreSmoke_G>255</tyreSmoke_G>
					<tyreSmoke_B>255</tyreSmoke_B>
					<LrInterior>0</LrInterior>
					<LrDashboard>0</LrDashboard>
				</Colours>
				<Livery>-1</Livery>
				<NumberPlateText>83UDU250</NumberPlateText>
				<NumberPlateIndex>4</NumberPlateIndex>
				<WheelType>4</WheelType>
				<WheelsInvisible>true</WheelsInvisible>
				<EngineSoundName></EngineSoundName>
				<WindowTint>-1</WindowTint>
				<BulletProofTyres>false</BulletProofTyres>
				<DirtLevel>0</DirtLevel>
				<PaintFade>0.298039228</PaintFade>
				<RoofState>0</RoofState>
				<SirenActive>false</SirenActive>
				<EngineOn>true</EngineOn>
				<EngineHealth>2000</EngineHealth>
				<LightsOn>true</LightsOn>
				<IsRadioLoud>1</IsRadioLoud>
				<LockStatus>1</LockStatus>
				<Neons>
					<Left>false</Left>
					<Right>false</Right>
					<Front>false</Front>
					<Back>false</Back>
					<R>255</R>
					<G>0</G>
					<B>255</B>
				</Neons>
				<DoorsOpen>
					<BackLeftDoor>false</BackLeftDoor>
					<BackRightDoor>false</BackRightDoor>
					<FrontLeftDoor>false</FrontLeftDoor>
					<FrontRightDoor>false</FrontRightDoor>
					<Hood>false</Hood>
					<Trunk>false</Trunk>
					<Trunk2>false</Trunk2>
				</DoorsOpen>
				<DoorsBroken>
					<BackLeftDoor>false</BackLeftDoor>
					<BackRightDoor>false</BackRightDoor>
					<FrontLeftDoor>false</FrontLeftDoor>
					<FrontRightDoor>false</FrontRightDoor>
					<Hood>false</Hood>
					<Trunk>false</Trunk>
					<Trunk2>false</Trunk2>
				</DoorsBroken>
				<TyresBursted>
					<FrontLeft>true</FrontLeft>
					<FrontRight>true</FrontRight>
					<_2>false</_2>
					<_3>false</_3>
					<BackLeft>true</BackLeft>
					<BackRight>true</BackRight>
					<_6>true</_6>
					<_7>true</_7>
					<_8>false</_8>
				</TyresBursted>
				<RpmMultiplier>1</RpmMultiplier>
				<TorqueMultiplier>1</TorqueMultiplier>
				<HeadlightIntensity>1</HeadlightIntensity>
				<ModExtras />
				<Mods>
					<_0>-1,0</_0>
					<_1>-1,0</_1>
					<_2>-1,0</_2>
					<_3>-1,0</_3>
					<_4>-1,0</_4>
					<_5>-1,0</_5>
					<_6>-1,0</_6>
					<_7>-1,0</_7>
					<_8>-1,0</_8>
					<_9>-1,0</_9>
					<_10>-1,0</_10>
					<_11>-1,0</_11>
					<_12>-1,0</_12>
					<_13>-1,0</_13>
					<_14>-1,0</_14>
					<_15>-1,0</_15>
					<_16>-1,0</_16>
					<_17>false</_17>
					<_18>false</_18>
					<_19>false</_19>
					<_20>false</_20>
					<_21>false</_21>
					<_22>false</_22>
					<_23>-1,0</_23>
					<_24>-1,0</_24>
					<_25>-1,0</_25>
					<_26>-1,0</_26>
					<_27>-1,0</_27>
					<_28>-1,0</_28>
					<_29>-1,0</_29>
					<_30>-1,0</_30>
					<_31>-1,0</_31>
					<_32>-1,0</_32>
					<_33>-1,0</_33>
					<_34>-1,0</_34>
					<_35>-1,0</_35>
					<_36>-1,0</_36>
					<_37>-1,0</_37>
					<_38>-1,0</_38>
					<_39>-1,0</_39>
					<_40>-1,0</_40>
					<_41>-1,0</_41>
					<_42>-1,0</_42>
					<_43>-1,0</_43>
					<_44>-1,0</_44>
					<_45>-1,0</_45>
					<_46>-1,0</_46>
					<_47>-1,0</_47>
					<_48>-1,0</_48>
				</Mods>
			</VehicleProperties>
			<OpacityLevel>255</OpacityLevel>
			<LodDistance>16960</LodDistance>
			<IsVisible>true</IsVisible>
			<MaxHealth>1000</MaxHealth>
			<Health>999</Health>
			<HasGravity>true</HasGravity>
			<IsOnFire>false</IsOnFire>
			<IsInvincible>true</IsInvincible>
			<IsBulletProof>false</IsBulletProof>
			<IsCollisionProof>true</IsCollisionProof>
			<IsExplosionProof>true</IsExplosionProof>
			<IsFireProof>false</IsFireProof>
			<IsMeleeProof>true</IsMeleeProof>
			<IsOnlyDamagedByPlayer>false</IsOnlyDamagedByPlayer>
			<PositionRotation>
				<X>1645.21814</X>
				<Y>3220.82813</Y>
				<Z>40.2232857</Z>
				<Pitch>-0.393738866</Pitch>
				<Roll>-0.671253562</Roll>
				<Yaw>-60.4279022</Yaw>
			</PositionRotation>
			<Attachment isAttached="true">
				<AttachedTo>136750</AttachedTo>
				<BoneIndex>0</BoneIndex>
				<X>0</X>
				<Y>0.499999911</Y>
				<Z>0</Z>
				<Pitch>0</Pitch>
				<Roll>0</Roll>
				<Yaw>0</Yaw>
			</Attachment>
		</Attachment>
		<Attachment>
			<ModelHash>0x6b5f9218</ModelHash>
			<Type>3</Type>
			<Dynamic>true</Dynamic>
			<FrozenPos>false</FrozenPos>
			<HashName>bkr_prop_weed_fan_ceiling_01a</HashName>
			<InitialHandle>61536</InitialHandle>
			<ObjectProperties>
				<TextureVariation>0</TextureVariation>
			</ObjectProperties>
			<OpacityLevel>255</OpacityLevel>
			<LodDistance>16960</LodDistance>
			<IsVisible>true</IsVisible>
			<MaxHealth>1000</MaxHealth>
			<Health>1000</Health>
			<HasGravity>true</HasGravity>
			<IsOnFire>false</IsOnFire>
			<IsInvincible>true</IsInvincible>
			<IsBulletProof>false</IsBulletProof>
			<IsCollisionProof>true</IsCollisionProof>
			<IsExplosionProof>true</IsExplosionProof>
			<IsFireProof>false</IsFireProof>
			<IsMeleeProof>true</IsMeleeProof>
			<IsOnlyDamagedByPlayer>false</IsOnlyDamagedByPlayer>
			<PositionRotation>
				<X>1647.47949</X>
				<Y>3222.11108</Y>
				<Z>40.2054214</Z>
				<Pitch>89.2219086</Pitch>
				<Roll>-59.6038742</Roll>
				<Yaw>-0.821719229</Yaw>
			</PositionRotation>
			<Attachment isAttached="true">
				<AttachedTo>136750</AttachedTo>
				<BoneIndex>0</BoneIndex>
				<X>0</X>
				<Y>3.09999967</Y>
				<Z>0</Z>
				<Pitch>90</Pitch>
				<Roll>0</Roll>
				<Yaw>0</Yaw>
			</Attachment>
		</Attachment>
		<Attachment>
			<ModelHash>0x6b5f9218</ModelHash>
			<Type>3</Type>
			<Dynamic>true</Dynamic>
			<FrozenPos>false</FrozenPos>
			<HashName>bkr_prop_weed_fan_ceiling_01a</HashName>
			<InitialHandle>113453</InitialHandle>
			<ObjectProperties>
				<TextureVariation>0</TextureVariation>
			</ObjectProperties>
			<OpacityLevel>255</OpacityLevel>
			<LodDistance>16960</LodDistance>
			<IsVisible>true</IsVisible>
			<MaxHealth>1000</MaxHealth>
			<Health>1000</Health>
			<HasGravity>true</HasGravity>
			<IsOnFire>false</IsOnFire>
			<IsInvincible>true</IsInvincible>
			<IsBulletProof>false</IsBulletProof>
			<IsCollisionProof>true</IsCollisionProof>
			<IsExplosionProof>true</IsExplosionProof>
			<IsFireProof>false</IsFireProof>
			<IsMeleeProof>true</IsMeleeProof>
			<IsOnlyDamagedByPlayer>false</IsOnlyDamagedByPlayer>
			<PositionRotation>
				<X>1644.91492</X>
				<Y>3218.9314</Y>
				<Z>40.2491074</Z>
				<Pitch>-89.2221603</Pitch>
				<Roll>-163.394989</Roll>
				<Yaw>179.179382</Yaw>
			</PositionRotation>
			<Attachment isAttached="true">
				<AttachedTo>136750</AttachedTo>
				<BoneIndex>0</BoneIndex>
				<X>1.5</X>
				<Y>-0.699999928</Y>
				<Z>0</Z>
				<Pitch>-89.9999924</Pitch>
				<Roll>-41.9999962</Roll>
				<Yaw>0.99999994</Yaw>
			</Attachment>
		</Attachment>
		<Attachment>
			<ModelHash>0x6b5f9218</ModelHash>
			<Type>3</Type>
			<Dynamic>true</Dynamic>
			<FrozenPos>false</FrozenPos>
			<HashName>bkr_prop_weed_fan_ceiling_01a</HashName>
			<InitialHandle>146528</InitialHandle>
			<ObjectProperties>
				<TextureVariation>0</TextureVariation>
			</ObjectProperties>
			<OpacityLevel>255</OpacityLevel>
			<LodDistance>16960</LodDistance>
			<IsVisible>true</IsVisible>
			<MaxHealth>1000</MaxHealth>
			<Health>1000</Health>
			<HasGravity>true</HasGravity>
			<IsOnFire>false</IsOnFire>
			<IsInvincible>true</IsInvincible>
			<IsBulletProof>false</IsBulletProof>
			<IsCollisionProof>true</IsCollisionProof>
			<IsExplosionProof>true</IsExplosionProof>
			<IsFireProof>false</IsFireProof>
			<IsMeleeProof>true</IsMeleeProof>
			<IsOnlyDamagedByPlayer>false</IsOnlyDamagedByPlayer>
			<PositionRotation>
				<X>1643.4342</X>
				<Y>3221.54028</Y>
				<Z>40.2139587</Z>
				<Pitch>-89.2224121</Pitch>
				<Roll>-79.3940125</Roll>
				<Yaw>179.180359</Yaw>
			</PositionRotation>
			<Attachment isAttached="true">
				<AttachedTo>136750</AttachedTo>
				<BoneIndex>0</BoneIndex>
				<X>-1.50000012</X>
				<Y>-0.699999928</Y>
				<Z>0</Z>
				<Pitch>-89.9999924</Pitch>
				<Roll>41.9999962</Roll>
				<Yaw>0.99999994</Yaw>
			</Attachment>
		</Attachment>
		<Attachment>
			<ModelHash>0xc2451209</ModelHash>
			<Type>3</Type>
			<Dynamic>true</Dynamic>
			<FrozenPos>false</FrozenPos>
			<HashName>prop_air_lights_02a</HashName>
			<InitialHandle>58472</InitialHandle>
			<ObjectProperties>
				<TextureVariation>0</TextureVariation>
			</ObjectProperties>
			<OpacityLevel>255</OpacityLevel>
			<LodDistance>16960</LodDistance>
			<IsVisible>true</IsVisible>
			<MaxHealth>1000</MaxHealth>
			<Health>1000</Health>
			<HasGravity>true</HasGravity>
			<IsOnFire>false</IsOnFire>
			<IsInvincible>true</IsInvincible>
			<IsBulletProof>false</IsBulletProof>
			<IsCollisionProof>true</IsCollisionProof>
			<IsExplosionProof>true</IsExplosionProof>
			<IsFireProof>false</IsFireProof>
			<IsMeleeProof>true</IsMeleeProof>
			<IsOnlyDamagedByPlayer>false</IsOnlyDamagedByPlayer>
			<PositionRotation>
				<X>1646.67078</X>
				<Y>3221.30811</Y>
				<Z>40.2664871</Z>
				<Pitch>-89.2221603</Pitch>
				<Roll>-120.394806</Roll>
				<Yaw>179.179565</Yaw>
			</PositionRotation>
			<Attachment isAttached="true">
				<AttachedTo>136750</AttachedTo>
				<BoneIndex>0</BoneIndex>
				<X>0.299999982</X>
				<Y>2.00000024</Y>
				<Z>0.049999997</Z>
				<Pitch>-89.9999924</Pitch>
				<Roll>0</Roll>
				<Yaw>0</Yaw>
			</Attachment>
		</Attachment>
		<Attachment>
			<ModelHash>0xc2451209</ModelHash>
			<Type>3</Type>
			<Dynamic>true</Dynamic>
			<FrozenPos>false</FrozenPos>
			<HashName>prop_air_lights_02a</HashName>
			<InitialHandle>8220</InitialHandle>
			<ObjectProperties>
				<TextureVariation>0</TextureVariation>
			</ObjectProperties>
			<OpacityLevel>255</OpacityLevel>
			<LodDistance>16960</LodDistance>
			<IsVisible>true</IsVisible>
			<MaxHealth>1000</MaxHealth>
			<Health>1000</Health>
			<HasGravity>true</HasGravity>
			<IsOnFire>false</IsOnFire>
			<IsInvincible>true</IsInvincible>
			<IsBulletProof>false</IsBulletProof>
			<IsCollisionProof>true</IsCollisionProof>
			<IsExplosionProof>true</IsExplosionProof>
			<IsFireProof>false</IsFireProof>
			<IsMeleeProof>true</IsMeleeProof>
			<IsOnlyDamagedByPlayer>false</IsOnlyDamagedByPlayer>
			<PositionRotation>
				<X>1646.37476</X>
				<Y>3221.82983</Y>
				<Z>40.2594604</Z>
				<Pitch>-89.2221603</Pitch>
				<Roll>-120.394806</Roll>
				<Yaw>179.179565</Yaw>
			</PositionRotation>
			<Attachment isAttached="true">
				<AttachedTo>136750</AttachedTo>
				<BoneIndex>0</BoneIndex>
				<X>-0.299999982</X>
				<Y>2.00000024</Y>
				<Z>0.0499999821</Z>
				<Pitch>-89.9999924</Pitch>
				<Roll>0</Roll>
				<Yaw>0</Yaw>
			</Attachment>
		</Attachment>
		<Attachment>
			<ModelHash>0xc2451209</ModelHash>
			<Type>3</Type>
			<Dynamic>true</Dynamic>
			<FrozenPos>false</FrozenPos>
			<HashName>prop_air_lights_02a</HashName>
			<InitialHandle>146760</InitialHandle>
			<ObjectProperties>
				<TextureVariation>0</TextureVariation>
			</ObjectProperties>
			<PtfxLopAsset>core</PtfxLopAsset>
			<PtfxLopEffect>ent_sht_flame</PtfxLopEffect>
			<OpacityLevel>255</OpacityLevel>
			<LodDistance>16960</LodDistance>
			<IsVisible>true</IsVisible>
			<MaxHealth>1000</MaxHealth>
			<Health>1000</Health>
			<HasGravity>true</HasGravity>
			<IsOnFire>true</IsOnFire>
			<IsInvincible>true</IsInvincible>
			<IsBulletProof>false</IsBulletProof>
			<IsCollisionProof>true</IsCollisionProof>
			<IsExplosionProof>true</IsExplosionProof>
			<IsFireProof>false</IsFireProof>
			<IsMeleeProof>true</IsMeleeProof>
			<IsOnlyDamagedByPlayer>false</IsOnlyDamagedByPlayer>
			<PositionRotation>
				<X>1644.39771</X>
				<Y>3219.32788</Y>
				<Z>41.1039009</Z>
				<Pitch>89.2219086</Pitch>
				<Roll>-59.6034393</Roll>
				<Yaw>-0.822153747</Yaw>
			</PositionRotation>
			<Attachment isAttached="true">
				<AttachedTo>136750</AttachedTo>
				<BoneIndex>0</BoneIndex>
				<X>0.909999967</X>
				<Y>-0.959999919</Y>
				<Z>0.860000014</Z>
				<Pitch>89.9999924</Pitch>
				<Roll>0</Roll>
				<Yaw>0</Yaw>
			</Attachment>
		</Attachment>
		<Attachment>
			<ModelHash>0xc2451209</ModelHash>
			<Type>3</Type>
			<Dynamic>true</Dynamic>
			<FrozenPos>false</FrozenPos>
			<HashName>prop_air_lights_02a</HashName>
			<InitialHandle>37213</InitialHandle>
			<ObjectProperties>
				<TextureVariation>0</TextureVariation>
			</ObjectProperties>
			<PtfxLopAsset>core</PtfxLopAsset>
			<PtfxLopEffect>ent_sht_flame</PtfxLopEffect>
			<OpacityLevel>255</OpacityLevel>
			<LodDistance>16960</LodDistance>
			<IsVisible>true</IsVisible>
			<MaxHealth>1000</MaxHealth>
			<Health>1000</Health>
			<HasGravity>true</HasGravity>
			<IsOnFire>true</IsOnFire>
			<IsInvincible>true</IsInvincible>
			<IsBulletProof>false</IsBulletProof>
			<IsCollisionProof>true</IsCollisionProof>
			<IsExplosionProof>true</IsExplosionProof>
			<IsFireProof>false</IsFireProof>
			<IsMeleeProof>true</IsMeleeProof>
			<IsOnlyDamagedByPlayer>false</IsOnlyDamagedByPlayer>
			<PositionRotation>
				<X>1643.45105</X>
				<Y>3220.89429</Y>
				<Z>41.062809</Z>
				<Pitch>89.0962524</Pitch>
				<Roll>-132.065796</Roll>
				<Yaw>71.6460571</Yaw>
			</PositionRotation>
			<Attachment isAttached="true">
				<AttachedTo>136750</AttachedTo>
				<BoneIndex>0</BoneIndex>
				<X>-0.919999957</X>
				<Y>-1.00999999</Y>
				<Z>0.840000033</Z>
				<Pitch>90.999588</Pitch>
				<Roll>0</Roll>
				<Yaw>0</Yaw>
			</Attachment>
		</Attachment>
		<Attachment>
			<ModelHash>0xc2451209</ModelHash>
			<Type>3</Type>
			<Dynamic>true</Dynamic>
			<FrozenPos>false</FrozenPos>
			<HashName>prop_air_lights_02a</HashName>
			<InitialHandle>63755</InitialHandle>
			<ObjectProperties>
				<TextureVariation>0</TextureVariation>
			</ObjectProperties>
			<PtfxLopAsset>scr_trevor1</PtfxLopAsset>
			<PtfxLopEffect>scr_trev1_trailer_boosh</PtfxLopEffect>
			<OpacityLevel>255</OpacityLevel>
			<LodDistance>16960</LodDistance>
			<IsVisible>true</IsVisible>
			<MaxHealth>1000</MaxHealth>
			<Health>1000</Health>
			<HasGravity>true</HasGravity>
			<IsOnFire>false</IsOnFire>
			<IsInvincible>true</IsInvincible>
			<IsBulletProof>false</IsBulletProof>
			<IsCollisionProof>true</IsCollisionProof>
			<IsExplosionProof>true</IsExplosionProof>
			<IsFireProof>false</IsFireProof>
			<IsMeleeProof>true</IsMeleeProof>
			<IsOnlyDamagedByPlayer>false</IsOnlyDamagedByPlayer>
			<PositionRotation>
				<X>1643.45105</X>
				<Y>3220.89429</Y>
				<Z>41.062809</Z>
				<Pitch>89.0962524</Pitch>
				<Roll>-132.065796</Roll>
				<Yaw>71.6460571</Yaw>
			</PositionRotation>
			<Attachment isAttached="true">
				<AttachedTo>136750</AttachedTo>
				<BoneIndex>0</BoneIndex>
				<X>-0.919999957</X>
				<Y>-1.00999999</Y>
				<Z>0.840000033</Z>
				<Pitch>90.999588</Pitch>
				<Roll>0</Roll>
				<Yaw>0</Yaw>
			</Attachment>
		</Attachment>
		<Attachment>
			<ModelHash>0xc2451209</ModelHash>
			<Type>3</Type>
			<Dynamic>true</Dynamic>
			<FrozenPos>false</FrozenPos>
			<HashName>prop_air_lights_02a</HashName>
			<InitialHandle>15639</InitialHandle>
			<ObjectProperties>
				<TextureVariation>0</TextureVariation>
			</ObjectProperties>
			<PtfxLopAsset>scr_trevor1</PtfxLopAsset>
			<PtfxLopEffect>scr_trev1_trailer_boosh</PtfxLopEffect>
			<OpacityLevel>255</OpacityLevel>
			<LodDistance>16960</LodDistance>
			<IsVisible>true</IsVisible>
			<MaxHealth>1000</MaxHealth>
			<Health>1000</Health>
			<HasGravity>true</HasGravity>
			<IsOnFire>false</IsOnFire>
			<IsInvincible>true</IsInvincible>
			<IsBulletProof>false</IsBulletProof>
			<IsCollisionProof>true</IsCollisionProof>
			<IsExplosionProof>true</IsExplosionProof>
			<IsFireProof>false</IsFireProof>
			<IsMeleeProof>true</IsMeleeProof>
			<IsOnlyDamagedByPlayer>false</IsOnlyDamagedByPlayer>
			<PositionRotation>
				<X>1644.39771</X>
				<Y>3219.32788</Y>
				<Z>41.1039009</Z>
				<Pitch>89.2219086</Pitch>
				<Roll>-59.6034393</Roll>
				<Yaw>-0.822153747</Yaw>
			</PositionRotation>
			<Attachment isAttached="true">
				<AttachedTo>136750</AttachedTo>
				<BoneIndex>0</BoneIndex>
				<X>0.909999967</X>
				<Y>-0.959999919</Y>
				<Z>0.860000014</Z>
				<Pitch>89.9999924</Pitch>
				<Roll>0</Roll>
				<Yaw>0</Yaw>
			</Attachment>
		</Attachment>
		<Attachment>
			<ModelHash>0x8538a366</ModelHash>
			<Type>3</Type>
			<Dynamic>true</Dynamic>
			<FrozenPos>false</FrozenPos>
			<HashName>prop_power_cell</HashName>
			<InitialHandle>68142</InitialHandle>
			<ObjectProperties>
				<TextureVariation>0</TextureVariation>
			</ObjectProperties>
			<OpacityLevel>255</OpacityLevel>
			<LodDistance>16960</LodDistance>
			<IsVisible>true</IsVisible>
			<MaxHealth>1000</MaxHealth>
			<Health>1000</Health>
			<HasGravity>true</HasGravity>
			<IsOnFire>false</IsOnFire>
			<IsInvincible>true</IsInvincible>
			<IsBulletProof>false</IsBulletProof>
			<IsCollisionProof>true</IsCollisionProof>
			<IsExplosionProof>true</IsExplosionProof>
			<IsFireProof>false</IsFireProof>
			<IsMeleeProof>true</IsMeleeProof>
			<IsOnlyDamagedByPlayer>false</IsOnlyDamagedByPlayer>
			<PositionRotation>
				<X>1645.82703</X>
				<Y>3221.17896</Y>
				<Z>40.6184387</Z>
				<Pitch>-0.393738866</Pitch>
				<Roll>-0.671253562</Roll>
				<Yaw>-60.4279022</Yaw>
			</PositionRotation>
			<Attachment isAttached="true">
				<AttachedTo>136750</AttachedTo>
				<BoneIndex>0</BoneIndex>
				<X>0</X>
				<Y>1.20000005</Y>
				<Z>0.399999976</Z>
				<Pitch>0</Pitch>
				<Roll>0</Roll>
				<Yaw>0</Yaw>
			</Attachment>
		</Attachment>
		<Attachment>
			<ModelHash>0x8538a366</ModelHash>
			<Type>3</Type>
			<Dynamic>true</Dynamic>
			<FrozenPos>false</FrozenPos>
			<HashName>prop_power_cell</HashName>
			<InitialHandle>134404</InitialHandle>
			<ObjectProperties>
				<TextureVariation>0</TextureVariation>
			</ObjectProperties>
			<OpacityLevel>255</OpacityLevel>
			<LodDistance>16960</LodDistance>
			<IsVisible>true</IsVisible>
			<MaxHealth>1000</MaxHealth>
			<Health>1000</Health>
			<HasGravity>true</HasGravity>
			<IsOnFire>false</IsOnFire>
			<IsInvincible>true</IsInvincible>
			<IsBulletProof>false</IsBulletProof>
			<IsCollisionProof>true</IsCollisionProof>
			<IsExplosionProof>true</IsExplosionProof>
			<IsFireProof>false</IsFireProof>
			<IsMeleeProof>true</IsMeleeProof>
			<IsOnlyDamagedByPlayer>false</IsOnlyDamagedByPlayer>
			<PositionRotation>
				<X>1646.08801</X>
				<Y>3221.3269</Y>
				<Z>40.6163788</Z>
				<Pitch>-0.393738866</Pitch>
				<Roll>-0.671253562</Roll>
				<Yaw>-60.4279022</Yaw>
			</PositionRotation>
			<Attachment isAttached="true">
				<AttachedTo>136750</AttachedTo>
				<BoneIndex>0</BoneIndex>
				<X>0</X>
				<Y>1.50000012</Y>
				<Z>0.399999976</Z>
				<Pitch>0</Pitch>
				<Roll>0</Roll>
				<Yaw>0</Yaw>
			</Attachment>
		</Attachment>
		<Attachment>
			<ModelHash>0x3794acc9</ModelHash>
			<Type>3</Type>
			<Dynamic>true</Dynamic>
			<FrozenPos>false</FrozenPos>
			<HashName>hei_prop_heist_emp</HashName>
			<InitialHandle>8024</InitialHandle>
			<ObjectProperties>
				<TextureVariation>0</TextureVariation>
			</ObjectProperties>
			<OpacityLevel>255</OpacityLevel>
			<LodDistance>16960</LodDistance>
			<IsVisible>true</IsVisible>
			<MaxHealth>1000</MaxHealth>
			<Health>1000</Health>
			<HasGravity>true</HasGravity>
			<IsOnFire>false</IsOnFire>
			<IsInvincible>true</IsInvincible>
			<IsBulletProof>false</IsBulletProof>
			<IsCollisionProof>true</IsCollisionProof>
			<IsExplosionProof>true</IsExplosionProof>
			<IsFireProof>false</IsFireProof>
			<IsMeleeProof>true</IsMeleeProof>
			<IsOnlyDamagedByPlayer>false</IsOnlyDamagedByPlayer>
			<PositionRotation>
				<X>1646.08789</X>
				<Y>3221.32422</Y>
				<Z>40.4063988</Z>
				<Pitch>-0.393738866</Pitch>
				<Roll>-0.671253562</Roll>
				<Yaw>-60.4279022</Yaw>
			</PositionRotation>
			<Attachment isAttached="true">
				<AttachedTo>136750</AttachedTo>
				<BoneIndex>0</BoneIndex>
				<X>0</X>
				<Y>1.49999893</Y>
				<Z>0.189999998</Z>
				<Pitch>0</Pitch>
				<Roll>0</Roll>
				<Yaw>0</Yaw>
			</Attachment>
		</Attachment>
		<Attachment>
			<ModelHash>0xc2a63045</ModelHash>
			<Type>3</Type>
			<Dynamic>true</Dynamic>
			<FrozenPos>false</FrozenPos>
			<HashName>prop_gascyl_04a</HashName>
			<InitialHandle>77850</InitialHandle>
			<ObjectProperties>
				<TextureVariation>0</TextureVariation>
			</ObjectProperties>
			<OpacityLevel>255</OpacityLevel>
			<LodDistance>16960</LodDistance>
			<IsVisible>true</IsVisible>
			<MaxHealth>1000</MaxHealth>
			<Health>1000</Health>
			<HasGravity>true</HasGravity>
			<IsOnFire>false</IsOnFire>
			<IsInvincible>true</IsInvincible>
			<IsBulletProof>false</IsBulletProof>
			<IsCollisionProof>false</IsCollisionProof>
			<IsExplosionProof>true</IsExplosionProof>
			<IsFireProof>true</IsFireProof>
			<IsMeleeProof>true</IsMeleeProof>
			<IsOnlyDamagedByPlayer>false</IsOnlyDamagedByPlayer>
			<PositionRotation>
				<X>1645.4751</X>
				<Y>3221.73267</Y>
				<Z>40.2109489</Z>
				<Pitch>87.3089828</Pitch>
				<Roll>-165.551865</Roll>
				<Yaw>105.143837</Yaw>
			</PositionRotation>
			<Attachment isAttached="true">
				<AttachedTo>136750</AttachedTo>
				<BoneIndex>0</BoneIndex>
				<X>-0.659999847</X>
				<Y>1.16999984</Y>
				<Z>0</Z>
				<Pitch>92.9999924</Pitch>
				<Roll>0</Roll>
				<Yaw>0</Yaw>
			</Attachment>
		</Attachment>
		<Attachment>
			<ModelHash>0xc2a63045</ModelHash>
			<Type>3</Type>
			<Dynamic>true</Dynamic>
			<FrozenPos>false</FrozenPos>
			<HashName>prop_gascyl_04a</HashName>
			<InitialHandle>69453</InitialHandle>
			<ObjectProperties>
				<TextureVariation>0</TextureVariation>
			</ObjectProperties>
			<OpacityLevel>255</OpacityLevel>
			<LodDistance>16960</LodDistance>
			<IsVisible>true</IsVisible>
			<MaxHealth>1000</MaxHealth>
			<Health>1000</Health>
			<HasGravity>true</HasGravity>
			<IsOnFire>false</IsOnFire>
			<IsInvincible>true</IsInvincible>
			<IsBulletProof>false</IsBulletProof>
			<IsCollisionProof>false</IsCollisionProof>
			<IsExplosionProof>true</IsExplosionProof>
			<IsFireProof>true</IsFireProof>
			<IsMeleeProof>true</IsMeleeProof>
			<IsOnlyDamagedByPlayer>false</IsOnlyDamagedByPlayer>
			<PositionRotation>
				<X>1646.12781</X>
				<Y>3220.5625</Y>
				<Z>40.2267189</Z>
				<Pitch>87.3089828</Pitch>
				<Roll>-165.551865</Roll>
				<Yaw>105.143837</Yaw>
			</PositionRotation>
			<Attachment isAttached="true">
				<AttachedTo>136750</AttachedTo>
				<BoneIndex>0</BoneIndex>
				<X>0.67999965</X>
				<Y>1.15999925</Y>
				<Z>0</Z>
				<Pitch>92.9999924</Pitch>
				<Roll>0</Roll>
				<Yaw>0</Yaw>
			</Attachment>
		</Attachment>
		<Attachment>
			<ModelHash>0x5d9377d3</ModelHash>
			<Type>3</Type>
			<Dynamic>true</Dynamic>
			<FrozenPos>false</FrozenPos>
			<HashName>p_s_scuba_tank_s</HashName>
			<InitialHandle>125989</InitialHandle>
			<ObjectProperties>
				<TextureVariation>0</TextureVariation>
			</ObjectProperties>
			<OpacityLevel>255</OpacityLevel>
			<LodDistance>16960</LodDistance>
			<IsVisible>true</IsVisible>
			<MaxHealth>1000</MaxHealth>
			<Health>1000</Health>
			<HasGravity>true</HasGravity>
			<IsOnFire>false</IsOnFire>
			<IsInvincible>true</IsInvincible>
			<IsBulletProof>false</IsBulletProof>
			<IsCollisionProof>false</IsCollisionProof>
			<IsExplosionProof>true</IsExplosionProof>
			<IsFireProof>false</IsFireProof>
			<IsMeleeProof>true</IsMeleeProof>
			<IsOnlyDamagedByPlayer>false</IsOnlyDamagedByPlayer>
			<PositionRotation>
				<X>1643.41785</X>
				<Y>3220.16479</Y>
				<Z>41.2327385</Z>
				<Pitch>84.414917</Pitch>
				<Roll>94.0489655</Roll>
				<Yaw>25.542263</Yaw>
			</PositionRotation>
			<Attachment isAttached="true">
				<AttachedTo>136750</AttachedTo>
				<BoneIndex>0</BoneIndex>
				<X>-0.299999952</X>
				<Y>-1.39999974</Y>
				<Z>0.999999821</Z>
				<Pitch>85.0999908</Pitch>
				<Roll>90</Roll>
				<Yaw>89.9999924</Yaw>
			</Attachment>
		</Attachment>
		<Attachment>
			<ModelHash>0x5d9377d3</ModelHash>
			<Type>3</Type>
			<Dynamic>true</Dynamic>
			<FrozenPos>false</FrozenPos>
			<HashName>p_s_scuba_tank_s</HashName>
			<InitialHandle>79180</InitialHandle>
			<ObjectProperties>
				<TextureVariation>0</TextureVariation>
			</ObjectProperties>
			<OpacityLevel>255</OpacityLevel>
			<LodDistance>16960</LodDistance>
			<IsVisible>true</IsVisible>
			<MaxHealth>1000</MaxHealth>
			<Health>1000</Health>
			<HasGravity>true</HasGravity>
			<IsOnFire>false</IsOnFire>
			<IsInvincible>true</IsInvincible>
			<IsBulletProof>false</IsBulletProof>
			<IsCollisionProof>false</IsCollisionProof>
			<IsExplosionProof>true</IsExplosionProof>
			<IsFireProof>false</IsFireProof>
			<IsMeleeProof>true</IsMeleeProof>
			<IsOnlyDamagedByPlayer>false</IsOnlyDamagedByPlayer>
			<PositionRotation>
				<X>1643.71399</X>
				<Y>3219.64307</Y>
				<Z>41.2397652</Z>
				<Pitch>84.414917</Pitch>
				<Roll>94.0489655</Roll>
				<Yaw>25.542263</Yaw>
			</PositionRotation>
			<Attachment isAttached="true">
				<AttachedTo>136750</AttachedTo>
				<BoneIndex>0</BoneIndex>
				<X>0.299999982</X>
				<Y>-1.39999974</Y>
				<Z>0.999999821</Z>
				<Pitch>85.0999908</Pitch>
				<Roll>90</Roll>
				<Yaw>89.9999924</Yaw>
			</Attachment>
		</Attachment>
		<Attachment>
			<ModelHash>0x8538a366</ModelHash>
			<Type>3</Type>
			<Dynamic>true</Dynamic>
			<FrozenPos>false</FrozenPos>
			<HashName>prop_power_cell</HashName>
			<InitialHandle>145166</InitialHandle>
			<ObjectProperties>
				<TextureVariation>0</TextureVariation>
			</ObjectProperties>
			<OpacityLevel>255</OpacityLevel>
			<LodDistance>16960</LodDistance>
			<IsVisible>true</IsVisible>
			<MaxHealth>1000</MaxHealth>
			<Health>1000</Health>
			<HasGravity>true</HasGravity>
			<IsOnFire>false</IsOnFire>
			<IsInvincible>true</IsInvincible>
			<IsBulletProof>false</IsBulletProof>
			<IsCollisionProof>false</IsCollisionProof>
			<IsExplosionProof>true</IsExplosionProof>
			<IsFireProof>false</IsFireProof>
			<IsMeleeProof>true</IsMeleeProof>
			<IsOnlyDamagedByPlayer>false</IsOnlyDamagedByPlayer>
			<PositionRotation>
				<X>1644.78357</X>
				<Y>3220.59497</Y>
				<Z>41.2266312</Z>
				<Pitch>-0.393738866</Pitch>
				<Roll>-0.671253562</Roll>
				<Yaw>-60.4279022</Yaw>
			</PositionRotation>
			<Attachment isAttached="true">
				<AttachedTo>136750</AttachedTo>
				<BoneIndex>0</BoneIndex>
				<X>0</X>
				<Y>0</Y>
				<Z>0.999999821</Z>
				<Pitch>0</Pitch>
				<Roll>0</Roll>
				<Yaw>0</Yaw>
			</Attachment>
		</Attachment>
	</SpoonerAttachments>
</Vehicle>
